# Host: localhost  (Version 8.0.41)
# Date: 2025-12-23 10:52:25
# Generator: MySQL-Front 6.0  (Build 2.20)


#
# Structure for table "access_routers"
#

CREATE TABLE `access_routers` (
  `id` int unsigned NOT NULL AUTO_INCREMENT,
  `name` varchar(128) NOT NULL,
  `mgmt_ip` varchar(45) NOT NULL,
  `bundle_id` varchar(64) NOT NULL,
  `uplink_port` varchar(64) NOT NULL,
  `node_type` varchar(64) NOT NULL,
  `is_active` tinyint(1) NOT NULL DEFAULT '1',
  `created_at` datetime NOT NULL DEFAULT CURRENT_TIMESTAMP,
  PRIMARY KEY (`id`),
  UNIQUE KEY `uniq_name` (`name`)
) ENGINE=InnoDB AUTO_INCREMENT=517 DEFAULT CHARSET=utf8mb4 COLLATE=utf8mb4_0900_ai_ci;

#
# Data for table "access_routers"
#

INSERT INTO `access_routers` VALUES (2,'haugbjolle1ar2','10.163.76.49','114','','Cisco',1,'2025-12-08 14:25:20'),(3,'haugjamnhaug1ar1','10.163.76.143','115','','Cisco',1,'2025-12-08 14:25:20'),(5,'haugmoksheim1ar2','10.163.76.205','120','','Cisco',1,'2025-12-08 14:25:20'),(6,'haugpadlane1ar1','10.163.77.7','121','','Cisco',1,'2025-12-08 14:25:20'),(7,'haugslattevik1ar1','10.163.77.71','122','','Cisco',1,'2025-12-08 14:25:20'),(8,'haugstemmemyr1ar1','10.163.77.95','123','','Cisco',1,'2025-12-08 14:25:20'),(9,'haugstemmemyr1ar2','10.163.77.97','124','','Cisco',1,'2025-12-08 14:25:20'),(10,'haugystad1ar2','10.161.14.78','126','','Cisco',1,'2025-12-08 14:25:20'),(11,'hk-jamnhaug1ar2','10.163.77.221','315','','Cisco',1,'2025-12-08 14:25:20'),(12,'hk-norheim1ar2','10.163.77.255','343','','Cisco',1,'2025-12-08 14:25:20'),(13,'hk-risoy1ar2','10.163.78.17','345','','Cisco',1,'2025-12-08 14:25:20'),(14,'haugkarmsund1ar2','10.163.76.153','117','','Cisco',1,'2025-12-08 14:25:20'),(15,'haugbraka1ar2','10.163.76.61','127','','Cisco',1,'2025-12-08 14:25:20'),(18,'haugringen1ar1','10.163.77.17','130','','Cisco',1,'2025-12-08 14:25:20'),(21,'haugrogalandsgt1ar2','10.163.77.23','133','','Cisco',1,'2025-12-08 14:25:20'),(22,'haugrossa1ar2','10.163.77.29','134','','Cisco',1,'2025-12-08 14:25:20'),(25,'hk-padlane1ar2','10.163.78.15','344','','Cisco',1,'2025-12-08 14:25:20'),(26,'hk-kallevik1ar2','10.163.77.225','356','','Cisco',1,'2025-12-08 14:25:20'),(29,'haugakra5ar3','10.163.76.11','64','','Cisco',1,'2025-12-08 14:25:20'),(30,'haugakra7ar1','10.163.76.17','65','','Cisco',1,'2025-12-08 14:25:20'),(32,'hauglangaker1ar1','10.163.76.177','67','','Cisco',1,'2025-12-08 14:25:20'),(36,'haugsandve1ar1','10.163.77.49','74','','Cisco',1,'2025-12-08 14:25:20'),(44,'haugporshaug1ar1','10.163.77.9','57','','Cisco',1,'2025-12-08 14:25:20'),(45,'haugporshaug1ar2','10.163.77.11','58','','Cisco',1,'2025-12-08 14:25:20'),(46,'haugrossa1ar1','10.163.77.27','59','','Cisco',1,'2025-12-08 14:25:20'),(48,'haugstoresundsgt1ar2','10.163.77.105','61','','Cisco',1,'2025-12-08 14:25:20'),(51,'hk-rossa1ar3','10.163.78.19','346','','Cisco',1,'2025-12-08 14:25:20'),(53,'haugdukke1ar2','10.163.76.65','144','1/3','Cisco',1,'2025-12-08 14:25:20'),(56,'haughauge1ar1','10.163.76.129','148','','Cisco',1,'2025-12-08 14:25:20'),(57,'haugkvala2ar2','10.163.76.169','151','1/2','Cisco',1,'2025-12-08 14:25:20'),(59,'haugsolvang1ar3','10.163.77.79','158','','Cisco',1,'2025-12-08 14:25:20'),(61,'haugudland1ar2','10.163.77.133','162','','Cisco',1,'2025-12-08 14:25:20'),(62,'hk-kvala1ar2','10.163.77.237','340','1/1','Cisco',1,'2025-12-08 14:25:20'),(63,'hk-ekrene1ar2','10.163.77.195','354','1/1','Cisco',1,'2025-12-08 14:25:20'),(64,'haugbakaroy1ar2','10.163.76.43','137','1/1','Cisco',1,'2025-12-08 14:25:20'),(73,'haugnordbygdene1ar1','10.163.76.229','153','','Cisco',1,'2025-12-08 14:25:20'),(75,'haugsolvang1ar2','10.163.77.77','157','','Cisco',1,'2025-12-08 14:25:20'),(77,'haugudland1ar1','10.163.77.131','161','','Cisco',1,'2025-12-08 14:25:20'),(78,'hk-bleik1ar3','10.163.77.185','318','','Cisco',1,'2025-12-08 14:25:20'),(79,'haugauklandshavn1ar1','10.163.76.37','163','','Cisco',1,'2025-12-08 14:25:20'),(82,'haugsveio1ar1','10.163.77.117','166','','Cisco',1,'2025-12-08 14:25:20'),(83,'haugsveio2ar1','10.163.77.119','167','','Cisco',1,'2025-12-08 14:25:20'),(84,'haugsveio2ar2','10.163.77.121','168','','Cisco',1,'2025-12-08 14:25:20'),(85,'haugvalevag1ar1','10.163.77.151','169','','Cisco',1,'2025-12-08 14:25:20'),(86,'haugvihovda1ar1','10.163.77.161','170','','Cisco',1,'2025-12-08 14:25:20'),(88,'hk-sveio3ar1','10.163.78.43','338','','Cisco',1,'2025-12-08 14:25:20'),(91,'haugaksdal1ar2','10.163.76.23','255','','Cisco',1,'2025-12-08 14:25:20'),(93,'haugisvik2ar1','10.163.76.141','264','','Cisco',1,'2025-12-08 14:25:20'),(94,'haugliaheia1ar1','10.163.76.183','265','','Cisco',1,'2025-12-08 14:25:20'),(95,'haugnedstrand1ar1','10.163.76.219','266','','Cisco',1,'2025-12-08 14:25:20'),(96,'haugvag1ar1','10.163.77.143','267','','Cisco',1,'2025-12-08 14:25:20'),(97,'haugstraumen1ar1','10.163.77.111','268','','Cisco',1,'2025-12-08 14:25:20'),(98,'hk-grinde1ar2','10.163.77.207','321','','Cisco',1,'2025-12-08 14:25:20'),(99,'hk-nedstrand1ar2','10.163.77.253','342','','Cisco',1,'2025-12-08 14:25:20'),(100,'haugamsos1ar1','10.163.76.25','269','','Cisco',1,'2025-12-08 14:25:20'),(101,'hauglitle1ar1','10.163.76.185','270','','Cisco',1,'2025-12-08 14:25:20'),(102,'haugmolnes1ar1','10.163.76.207','271','','Cisco',1,'2025-12-08 14:25:20'),(103,'haugsandeid1ar1','10.163.77.47','272','','Cisco',1,'2025-12-08 14:25:20'),(104,'haugsteinbru1ar1','10.163.77.93','273','','Cisco',1,'2025-12-08 14:25:20'),(105,'haugvikedal1ar1','10.163.77.169','274','','Cisco',1,'2025-12-08 14:25:20'),(107,'haugkyrkjeberget1ar1','10.163.76.175','276','','Cisco',1,'2025-12-08 14:25:20'),(108,'haugnervik1ar1','10.163.76.221','277','','Cisco',1,'2025-12-08 14:25:20'),(109,'haugvaagen1ar1','10.163.77.141','280','','Cisco',1,'2025-12-08 14:25:20'),(110,'haugvikebygd1ar1','10.163.77.167','281','','Cisco',1,'2025-12-08 14:25:20'),(111,'haugodda1ar1','10.163.76.233','287','','Cisco',1,'2025-12-08 14:25:20'),(112,'haugodda1ar2','10.163.76.235','288','','Cisco',1,'2025-12-08 14:25:20'),(113,'haugodda2ar1','10.163.76.237','289','','Cisco',1,'2025-12-08 14:25:20'),(114,'haugodda4ar2','10.163.76.241','291','','Cisco',1,'2025-12-08 14:25:20'),(115,'haugodda5ar1','10.163.76.243','292','','Cisco',1,'2025-12-08 14:25:20'),(116,'haugodda6ar1','10.163.76.245','293','','Cisco',1,'2025-12-08 14:25:20'),(117,'hk-odda7ar1','10.163.78.3','335','','Cisco',1,'2025-12-08 14:25:20'),(118,'haugfjellberg1ar1','10.163.76.97','300','','Cisco',1,'2025-12-08 14:25:20'),(120,'haugmosvatnet1ar1','10.163.76.217','305','','Cisco',1,'2025-12-08 14:25:20'),(121,'haugnesflaten1ar1','10.163.76.223','306','','Cisco',1,'2025-12-08 14:25:20'),(122,'haugsand1ar1','10.163.77.43','307','','Cisco',1,'2025-12-08 14:25:20'),(123,'haugsand2ar1','10.163.77.45','308','','Cisco',1,'2025-12-08 14:25:20'),(125,'haugsuldalseid1ar1','10.163.77.115','310','','Cisco',1,'2025-12-08 14:25:20'),(126,'haughybelsauda1ar1','10.163.76.139','294','','Cisco',1,'2025-12-08 14:25:20'),(127,'haugsauda1ar1','10.163.77.51','295','','Cisco',1,'2025-12-08 14:25:20'),(128,'haugsauda2ar1','10.163.77.53','296','','Cisco',1,'2025-12-08 14:25:20'),(129,'haugsauda3ar1','10.163.77.55','297','','Cisco',1,'2025-12-08 14:25:20'),(130,'haugsauda3ar2','10.163.77.57','298','','Cisco',1,'2025-12-08 14:25:20'),(131,'haugenge1ar1','10.163.76.71','282','','Cisco',1,'2025-12-08 14:25:20'),(135,'haugetne3ar1','10.163.76.83','286','','Cisco',1,'2025-12-08 14:25:20'),(136,'haugerfjord1ar1','10.163.76.73','299','','Cisco',1,'2025-12-08 14:25:20'),(137,'haugforeneset1ar1','10.163.76.109','301','','Cisco',1,'2025-12-08 14:25:20'),(138,'haughebnes1ar1','10.163.76.135','302','','Cisco',1,'2025-12-08 14:25:20'),(142,'haugfitjar1ar3','10.163.76.93','200','','Cisco',1,'2025-12-08 14:25:20'),(148,'haugkrako1ar1','10.163.76.163','207','','Cisco',1,'2025-12-08 14:25:20'),(150,'hk-dafjord1ar1','10.163.77.191','347','te1/2','Cisco',1,'2025-12-08 14:25:20'),(151,'hk-liarhaug1ar3','10.163.77.241','348','','Cisco',1,'2025-12-08 14:25:20'),(153,'haugfolder1ar1','10.163.76.105','225','','Cisco',1,'2025-12-08 14:25:20'),(154,'haugmeland1ar2','10.163.76.199','230','','Cisco',1,'2025-12-08 14:25:20'),(158,'haugrubbe1ar3','10.163.77.41','240','','Cisco',1,'2025-12-08 14:25:20'),(159,'haugkanalen1ar2','10.163.76.149','247','','Cisco',1,'2025-12-08 14:25:20'),(160,'hk-ekorn1ar1','10.163.77.193','353','','Cisco',1,'2025-12-08 14:25:20'),(162,'haugsvort2ar1','10.163.77.127','243','','Cisco',1,'2025-12-08 14:25:20'),(163,'haugurang1ar1','10.163.77.137','245','','Cisco',1,'2025-12-08 14:25:20'),(164,'haugurang1ar2','10.163.77.139','246','','Cisco',1,'2025-12-08 14:25:20'),(165,'haughollund1ar3','10.163.76.137','313','','Cisco',1,'2025-12-08 14:25:20'),(166,'hk-brandasund1ar2','10.163.77.187','333','','Cisco',1,'2025-12-08 14:25:20'),(170,'skl-leirv1ar2','10.163.78.87','186','','Cisco',1,'2025-12-08 14:25:20'),(171,'skl-leirv1ar3','10.163.78.89','187','','Cisco',1,'2025-12-08 14:25:20'),(172,'skl-leirv1ar4','10.163.78.91','188','','Cisco',1,'2025-12-08 14:25:20'),(175,'skl-huglo1ar1','10.163.78.73','197','','Cisco',1,'2025-12-08 14:25:20'),(177,'skl-ad1ar4','10.163.78.63','175','','Cisco',1,'2025-12-08 14:25:20'),(178,'skl-leirv1ar5','10.163.78.93','189','','Cisco',1,'2025-12-08 14:25:20'),(179,'skl-leirv1ar6','10.163.78.95','190','','Cisco',1,'2025-12-08 14:25:20'),(181,'skl-nys1ar3','10.163.78.101','193','','Cisco',1,'2025-12-08 14:25:20'),(183,'skl-tjon1ar3','10.163.78.107','196','','Cisco',1,'2025-12-08 14:25:20'),(184,'hk-kringsja1ar1','10.163.77.235','329','','Cisco',1,'2025-12-08 14:25:20'),(185,'hk-knutsaasen1ar1','10.163.77.229','330','','Cisco',1,'2025-12-08 14:25:20'),(187,'haugespevik1ar1','10.163.76.75','211','','Cisco',1,'2025-12-08 14:25:20'),(188,'HaugFaravaag1ar1','10.163.76.87','212','','Cisco',1,'2025-12-08 14:25:20'),(189,'haugflatraker1ar1','10.163.76.101','213','','Cisco',1,'2025-12-08 14:25:20'),(190,'haugflygan1ar1','10.163.76.103','214','','Cisco',1,'2025-12-08 14:25:20'),(192,'hauglunde1ar1','10.163.76.191','216','','Cisco',1,'2025-12-08 14:25:20'),(193,'haugonarheim1ar1','10.163.76.249','217','','Cisco',1,'2025-12-08 14:25:20'),(194,'haugsoreide1ar1','10.163.77.81','218','1/2','Cisco',1,'2025-12-08 14:25:20'),(195,'hauguggdal1ar1','10.163.77.135','219','','Cisco',1,'2025-12-08 14:25:20'),(198,'haugvage2ar1','10.163.77.149','222','','Cisco',1,'2025-12-08 14:25:20'),(201,'hk-lunde1ar2','10.163.77.245','326','','Cisco',1,'2025-12-08 14:25:20'),(202,'hk-uggdal1ar2','10.163.78.47','327','','Cisco',1,'2025-12-08 14:25:20'),(203,'hk-bruntveit1ar2','10.163.77.189','357','','Cisco',1,'2025-12-08 14:25:20'),(204,'hk-kongsvik1ar2','10.163.77.231','358','','Cisco',1,'2025-12-08 14:25:20'),(211,'haugasparhaug1ar2','10.163.76.35','257','','Cisco',1,'2025-12-08 14:25:20'),(212,'hk-forre1ar1','10.163.77.201','371','','Cisco',1,'2025-12-08 14:25:20'),(213,'haugforre1ar2','10.163.76.111','259','','Cisco',1,'2025-12-08 14:25:20'),(214,'haugforre1ar3','10.163.76.113','260','','Cisco',1,'2025-12-08 14:25:20'),(215,'haugforre2ar1','10.163.76.115','261','','Cisco',1,'2025-12-08 14:25:20'),(216,'hk-asparhaug1ar3','10.163.77.181','316','','Cisco',1,'2025-12-08 14:25:20'),(217,'hauglokje1ar1','10.163.76.187','52','','Cisco',1,'2025-12-08 14:25:20'),(218,'hauglokje1ar2','10.163.76.189','53','','Cisco',1,'2025-12-08 14:25:20'),(220,'haugkolnes1ar2','10.163.76.157','119','','Cisco',1,'2025-12-08 14:25:20'),(221,'haugskare2ar2','10.163.77.63','135','','Cisco',1,'2025-12-08 14:25:20'),(222,'haugskare2ar1','10.163.77.61','311','','Cisco',1,'2025-12-08 14:25:20'),(223,'hk-skare2ar3','10.163.78.31','322','','Cisco',1,'2025-12-08 14:25:20'),(224,'hk-lokje1ar3','10.163.77.243','331','','Cisco',1,'2025-12-08 14:25:20'),(225,'hk-skane1ar2','10.163.78.27','323','','Cisco',1,'2025-12-08 14:25:20'),(226,'hk-skane1ar3','10.163.78.29','324','','Cisco',1,'2025-12-08 14:25:20'),(229,'haugnesse1ar2','10.163.76.227','234','','Cisco',1,'2025-12-08 14:25:20'),(230,'haugolakjosen1ar1','10.163.76.247','235','','Cisco',1,'2025-12-08 14:25:20'),(235,'hk-svort1ar3','10.163.78.45','317','','Cisco',1,'2025-12-08 14:25:20'),(236,'hauggrindheim1ar1','10.163.76.123','226','','Cisco',1,'2025-12-08 14:25:20'),(240,'haugodda3ar2','10.163.76.239','290','','Cisco',1,'2025-12-08 14:25:20'),(241,'hk-odda3ar3','10.163.78.1','334','','Cisco',1,'2025-12-08 14:25:20'),(242,'hk-odda8ar1','10.163.78.5','355','','Cisco',1,'2025-12-08 14:25:20'),(246,'skl-kv1ar4','10.163.78.81','183','','Cisco',1,'2025-12-08 14:25:20'),(247,'skl-kv1ar5','10.163.78.83','184','','Cisco',1,'2025-12-08 14:25:20'),(248,'haugskude2ar1','10.163.77.65','77','','Cisco',1,'2025-12-08 14:25:20'),(249,'haugskude2ar2','10.163.77.67','78','','Cisco',1,'2025-12-08 14:25:20'),(250,'haugskude3ar1','10.163.77.69','79','','Cisco',1,'2025-12-08 14:25:20'),(251,'hk-skude1ar3','10.163.78.33','351','','Cisco',1,'2025-12-08 14:25:20'),(252,'hk-skude1ar4','10.163.78.35','352','','Cisco',1,'2025-12-08 14:25:20'),(254,'skl-haga1ar2','10.163.78.67','177','','Cisco',1,'2025-12-08 14:25:20'),(255,'skl-haga1ar3','10.163.78.69','178','','Cisco',1,'2025-12-08 14:25:20'),(256,'skl-haga1ar4','10.163.78.71','179','','Cisco',1,'2025-12-08 14:25:20'),(257,'hk-haga1ar5','10.163.77.211','350','','Cisco',1,'2025-12-08 14:25:20'),(258,'haugovregaten1ar3','10.163.77.5','56','','Cisco',1,'2025-12-08 14:25:20'),(260,'haugovregaten1ar2','10.163.77.3','155','','Cisco',1,'2025-12-08 14:25:20'),(261,'haugbokn1ar1','10.163.76.57','86','','Cisco',1,'2025-12-08 14:25:20'),(262,'haugkvalavag1ar1','10.163.76.171','90','','Cisco',1,'2025-12-08 14:25:20'),(263,'haugosnes1ar2','10.163.76.253','93','','Cisco',1,'2025-12-08 14:25:20'),(264,'haugslattevik1ar2','10.163.77.73','98','','Cisco',1,'2025-12-08 14:25:20'),(265,'haugstora1ar2','10.163.77.101','104','','Cisco',1,'2025-12-08 14:25:20'),(266,'haugtuastad1ar1','10.163.77.129','105','','Cisco',1,'2025-12-08 14:25:20'),(268,'hk-vorra1ar2','10.163.78.55','319','','Cisco',1,'2025-12-08 14:25:20'),(269,'hk-avald1ar2','10.163.77.183','320','','Cisco',1,'2025-12-08 14:25:20'),(270,'hk-ostrem1ar2','10.163.78.11','337','','Cisco',1,'2025-12-08 14:25:20'),(271,'hk-midtstokke1ar2','10.163.77.247','341','','Cisco',1,'2025-12-08 14:25:20'),(275,'haugosnes1ar1','10.163.76.251','92','','Cisco',1,'2025-12-08 14:25:20'),(277,'haugstora1ar1','10.163.77.99','103','','Cisco',1,'2025-12-08 14:25:20'),(279,'haugvisnes1ar1','10.163.77.171','110','','Cisco',1,'2025-12-08 14:25:20'),(282,'haugakra6ar2','10.163.76.15','72','','Cisco',1,'2025-12-08 14:25:20'),(283,'haugakra8ar1','10.163.76.19','73','','Cisco',1,'2025-12-08 14:25:20'),(284,'haugrekkje1ar1','10.163.77.13','95','','Cisco',1,'2025-12-08 14:25:20'),(285,'haugrekkje1ar2','10.163.77.15','96','','Cisco',1,'2025-12-08 14:25:20'),(286,'haugveamyr1ar1','10.163.77.153','106','','Cisco',1,'2025-12-08 14:25:20'),(289,'haugasalvik1ar2','10.163.76.31','84','','Cisco',1,'2025-12-08 14:25:20'),(290,'haugkopervik1ar2','10.163.76.161','89','','Cisco',1,'2025-12-08 14:25:20'),(291,'haugskar1ar1','10.163.77.59','97','','Cisco',1,'2025-12-08 14:25:20'),(292,'haugstangeland1ar1','10.163.77.85','99','','Cisco',1,'2025-12-08 14:25:20'),(293,'haugstangeland1ar2','10.163.77.87','100','','Cisco',1,'2025-12-08 14:25:20'),(294,'haugstangeland2ar1','10.163.77.89','101','','Cisco',1,'2025-12-08 14:25:20'),(295,'haugstangeland2ar2','10.163.77.91','102','','Cisco',1,'2025-12-08 14:25:20'),(296,'hk-utsira1ar2','10.163.78.49','364','','Cisco',1,'2025-12-08 14:25:20'),(297,'hk-steinbru1ar2','10.163.78.39','365','','Cisco',1,'2025-12-08 14:25:20'),(298,'hk-veamyr1ar3','10.163.78.53','359','','Cisco',1,'2025-12-08 14:25:20'),(299,'hk-gismarvik1ar1','10.163.77.205','377','','Cisco',1,'2025-12-08 14:25:20'),(300,'hk-sauda1ar2','10.163.78.23','374','','Cisco',1,'2025-12-08 14:25:20'),(301,'hk-sauda4ar1','10.163.78.25','366','','Cisco',1,'2025-12-08 14:25:20'),(302,'hk-spannadalen1ar1','10.163.78.37','362','','Cisco',1,'2025-12-08 14:25:20'),(303,'hk-hervik1ar2','10.163.77.215','367','','Cisco',1,'2025-12-08 14:25:20'),(304,'hk-jektavik1ar1','10.163.77.223','370','','Cisco',1,'2025-12-08 14:25:20'),(305,'hk-velde1has1','10.163.78.123','383','0/8 0','Huawei',1,'2025-12-08 14:25:20'),(306,'hk-ovrebygda1ar1','10.163.78.13','360','1/2','Cisco',1,'2025-12-08 14:25:20'),(307,'haugakra1ar1','10.163.76.1','80','','Cisco',1,'2025-12-08 14:25:20'),(309,'hk-straumen1ar2','10.163.78.41','382','','Cisco',1,'2025-12-08 14:25:20'),(310,'hk-moskar1has1','10.163.78.103','442','0/8 0','Huawei',1,'2025-12-08 14:25:20'),(311,'hk-isvik2has1','10.163.76.39','449','0/8 0','Huawei',1,'2025-12-08 14:25:20'),(312,'hk-strand2has1','10.163.77.153','453','0/8 0','Huawei',1,'2025-12-08 14:25:20'),(313,'hk-vestlio1has1','10.163.78.75','445','0/8 0','Huawei',1,'2025-12-08 14:25:20'),(314,'hk-bandadalen1has1','10.163.78.111','385','0/8 0','Huawei',1,'2025-12-08 14:25:20'),(315,'hk-bandadalen1has2','10.163.78.113','386','0/8 0','Huawei',1,'2025-12-08 14:25:20'),(316,'hk-hoievegen1ar1','10.163.77.219','372','','Cisco',1,'2025-12-08 14:25:20'),(317,'hk-odda10has1','10.163.76.59','483','0/8 0','Huawei',1,'2025-12-08 14:25:20'),(318,'hk-kopervik1ar3','10.163.77.233','363','','Cisco',1,'2025-12-08 14:25:20'),(319,'hk-akra3has1','10.163.77.99','447','0/8 0','Huawei',1,'2025-12-08 14:25:20'),(320,'hk-forlandskrysset1has1','10.13.77.51','88','0/8 0','Huawei',1,'2025-12-08 14:25:20'),(321,'hk-kv1has2','10.163.77.95','451','0/8 0','Huawei',1,'2025-12-08 14:25:20'),(322,'hk-udland1has1','10.163.76.41','473','0/8 0','Huawei',1,'2025-12-08 14:25:20'),(323,'hk-sauda3has1','10.163.76.185','91','0/8 0','Huawei',1,'2025-12-08 14:25:20'),(325,'hk-vaagen1has1','10.163.77.55','92','0/8 0','Huawei',1,'2025-12-08 14:25:20'),(326,'hk-hatlandsdalen1ar1','10.163.77.213','328','','Cisco',1,'2025-12-08 14:25:20'),(327,'hk-bokn1has1','10.163.77.117','106','0/8 0','Huawei',1,'2025-12-08 14:25:20'),(328,'hk-straumen2has1','10.163.77.85','103','0/8 0','Huawei',1,'2025-12-08 14:25:20'),(329,'hk-steinsland1has1','10.163.77.77','95','0/8 0','Huawei',1,'2025-12-08 14:25:20'),(330,'hk-yrkje1has1','10.163.77.111','99','0/8 0','Huawei',1,'2025-12-08 14:25:20'),(331,'hk-sandeid1has1','10.163.77.57','94','0/8 0','Huawei',1,'2025-12-08 14:25:20'),(332,'hk-veldetun1has1','10.163.76.151','401','0/8 0','Huawei',1,'2025-12-08 14:25:20'),(333,'hk-ystad1has1','10.163.76.181','490','0/8 0','Huawei',1,'2025-12-08 14:25:20'),(334,'hk-leirv2has1','10.163.77.239','373','0/8 0','Huawei',1,'2025-12-08 14:25:20'),(335,'afi-sundebru1has1','10.163.117.39','68','0/8 0','Huawei',1,'2025-12-08 14:25:20'),(336,'afi-gjerstad1has1','10.163.117.41','69','0/8 0','Huawei',1,'2025-12-08 14:25:20'),(337,'afi-vegarshei1has1','10.163.117.31','62','0/8 0','Huawei',1,'2025-12-08 14:25:20'),(338,'hk-ovregaten1has1','10.163.76.179','461','0/8 0','Huawei',1,'2025-12-08 14:25:20'),(339,'hk-leirv1has1','10.163.78.163','121','0/8 0','Huawei',1,'2025-12-08 14:25:20'),(340,'hk-kvala1has1','10.163.76.117','474','0/8 0','Huawei',1,'2025-12-08 14:25:20'),(341,'hk-geita1has1','10.163.77.19','462','0/8 0','Huawei',1,'2025-12-08 14:25:20'),(342,'hk-aksdal1has1','10.163.76.225','475','0/8 0','Huawei',1,'2025-12-08 14:25:20'),(343,'hk-risoy1has1','10.163.77.65','403','0/8 0','Huawei',1,'2025-12-08 14:25:20'),(344,'hk-bakaroy1has1','10.163.77.7','459','0/8 0','Huawei',1,'2025-12-08 14:25:20'),(345,'hk-sveio1has1','10.163.78.149','470','0/8 0','Huawei',1,'2025-12-08 14:25:20'),(346,'hk-sveio2has1','10.163.77.13','394','0/8 0','Huawei',1,'2025-12-08 14:25:20'),(347,'hk-hetland1has1','10.163.77.45','129','0/8 0','Huawei',1,'2025-12-08 14:25:20'),(348,'hk-haalandsdalen1has1','10.163.77.127','135','0/8 0','Huawei',1,'2025-12-08 14:25:20'),(349,'afi-gjeving1has1','10.163.117.43','1068','0/8 0','Huawei',1,'2025-12-08 14:25:20'),(350,'hk-hauge1has1','10.163.78.57','466','0/8 0','Huawei',1,'2025-12-08 14:25:20'),(351,'hk-karmsund1has1','10.163.76.69','443','0/8 0','Huawei',1,'2025-12-08 14:25:20'),(352,'hk-moksheim1has1','10.163.78.119','388','0/8 0','Huawei',1,'2025-12-08 14:25:20'),(353,'hk-jamnhaug1has1','10.163.77.251','138','0/8 0','Huawei',1,'2025-12-08 14:25:20'),(354,'hk-rovaer1has1','10.163.77.37','85','0/8 0','Huawei',1,'2025-12-08 14:25:20'),(355,'hk-smedasundet1has1','10.163.77.173','465','0/8 0','Huawei',1,'2025-12-08 14:25:20'),(356,'hk-braka1has1','10.163.76.51','481','0/8 0','Huawei',1,'2025-12-08 14:25:20'),(357,'hk-storesundsgt1has1','10.163.78.77','448','0/8 0','Huawei',1,'2025-12-08 14:25:20'),(358,'hk-solvang1has2','10.163.76.197','492','0/8 0','Huawei',1,'2025-12-08 14:25:20'),(359,'hk-fjaera1has1','10.163.78.165','139','0/8 0','Huawei',1,'2025-12-08 14:25:20'),(360,'hk-suldal1has1','10.163.76.193','55','0/8 0','Huawei',1,'2025-12-08 14:25:20'),(361,'hk-sand1has1','10.163.76.187','54','0/8 0','Huawei',1,'2025-12-08 14:25:20'),(362,'hk-sauda1has1','10.163.76.219','62','0/8 0','Huawei',1,'2025-12-08 14:25:20'),(363,'hk-bleik1has1','10.163.78.155','476','0/8 0','Huawei',1,'2025-12-08 14:25:20'),(364,'hk-asparhaug1has1','10.163.76.29','478','0/8 0','Huawei',1,'2025-12-08 14:25:20'),(365,'hk-bleik1has2','10.163.78.79','141','0/8 0','Huawei',1,'2025-12-08 14:25:20'),(366,'hk-karsto1has1','10.163.78.105','494','0/8 0','Huawei',1,'2025-12-08 14:25:20'),(367,'hk-grinde1has1','10.163.78.157','477','0/8 0','Huawei',1,'2025-12-08 14:25:20'),(368,'hk-vage1has1','10.163.76.167','142','0/8 0','Huawei',1,'2025-12-08 14:25:20'),(369,'hk-skaaregata1has1','10.163.76.111','143','0/8 0','Huawei',1,'2025-12-08 14:25:20'),(370,'hk-vorra1has1','10.163.77.75','446','0/8 0','Huawei',1,'2025-12-08 14:25:20'),(371,'hk-asalvik1has1','10.163.76.47','460','0/8 0','Huawei',1,'2025-12-08 14:25:20'),(372,'hk-kopervik1has1','10.163.76.21','484','0/8 0','Huawei',1,'2025-12-08 14:25:20'),(373,'hk-akra7ar2','10.163.77.179','361','','Cisco',1,'2025-12-08 14:25:20'),(374,'hk-bakkevik1has1','10.163.77.235','136','0/8 0','Huawei',1,'2025-12-08 14:25:20'),(375,'hk-avald1has1','10.163.78.135','398','0/8 0','Huawei',1,'2025-12-08 14:25:20'),(376,'hk-stangeland2has1','10.163.77.33','60','0/8 0','Huawei',1,'2025-12-08 14:25:20'),(377,'hk-veamyr1has1','10.163.78.139','400','0/8 0','Huawei',1,'2025-12-08 14:25:20'),(378,'hk-vikebygd1has1','10.163.76.231','63','0/8 0','Huawei',1,'2025-12-08 14:25:20'),(379,'hk-skane1has1','10.163.76.165','489','0/8 0','Huawei',1,'2025-12-08 14:25:20'),(380,'afi-saltrod1has3','10.163.78.173','71','0/8 0','Huawei',1,'2025-12-08 14:25:20'),(381,'hk-tjon1has1','10.163.76.203','392','0/8 0','Huawei',1,'2025-12-08 14:25:20'),(382,'hk-tjon1has2','10.163.77.137','498','0/8 0','Huawei',1,'2025-12-08 14:25:20'),(383,'afi-kolbjornvik1has1','10.163.117.57','82','0/8 0','Huawei',1,'2025-12-08 14:25:20'),(384,'afi-hisoy1has1','10.163.117.55','81','0/8 0','Huawei',1,'2025-12-08 14:25:20'),(385,'hk-sauda2has1','10.163.78.177','156','0/8 0','Huawei',1,'2025-12-08 14:25:20'),(386,'hk-bandadalen1has3','10.163.78.173','154','0/8 0','Huawei',1,'2025-12-08 14:25:20'),(387,'hk-sauda5has1','10.163.78.109','384','0/8 0','Huawei',1,'2025-12-08 14:25:20'),(388,'afi-ormetjern1has1','10.163.117.67','76','0/8 0','Huawei',1,'2025-12-08 14:25:20'),(389,'hk-ad1has2','10.163.76.99','122','0/8 0','Huawei',1,'2025-12-08 14:25:20'),(390,'hk-geita1has2','10.163.77.9','57','0/8 0','Huawei',1,'2025-12-08 14:25:20'),(391,'hk-heiane1has1','10.163.76.81','116','0/8 0','Huawei',1,'2025-12-08 14:25:20'),(392,'hk-heiane1has2','10.163.78.193','118','0/8 0','Huawei',1,'2025-12-08 14:25:20'),(393,'hk-se1has1','10.163.76.45','149','0/8 0','Huawei',1,'2025-12-08 14:25:20'),(394,'hk-tysingv1has1','10.163.77.145','152','0/8 0','Huawei',1,'2025-12-08 14:25:20'),(395,'hk-jelsa1has1','10.163.77.141','125','0/8 0','Huawei',1,'2025-12-08 14:25:20'),(396,'hk-kv1has1','10.163.76.173','391','0/8 0','Huawei',1,'2025-12-08 14:25:20'),(397,'hk-hedlo1has1','10.163.76.155','161','0/8 0','Huawei',1,'2025-12-08 14:25:20'),(398,'hk-skude1has1','10.163.77.63','464','0/8 0','Huawei',1,'2025-12-08 14:25:20'),(399,'hk-vikedal1has1','10.163.77.71','166','0/8 0','Huawei',1,'2025-12-08 14:25:20'),(400,'afi-vindholmen1has1','10.163.117.63','74','0/8 0','Huawei',1,'2025-12-08 14:25:20'),(401,'hk-akra5has2','10.163.77.143','171','0/8 0','Huawei',1,'2025-12-08 14:25:20'),(402,'hk-akra5has1','10.163.76.63','488','0/8 0','Huawei',1,'2025-12-08 14:25:20'),(403,'hk-bandadalen1er1','10.161.14.72','1064','0/8 0','Huawei',1,'2025-12-08 14:25:20'),(404,'hk-svort1has1','10.163.76.13','71','0/8 0','Huawei',1,'2025-12-08 14:25:20'),(405,'hk-rossneset1has1','10.163.78.175','174','0/8 0','Huawei',1,'2025-12-08 14:25:20'),(406,'hk-molstre1has1','10.163.78.185','182','0/8 0','Huawei',1,'2025-12-08 14:25:20'),(407,'hk-rossa1has1','10.163.76.195','176','0/8 0','Huawei',1,'2025-12-08 14:25:20'),(408,'hk-veldetun1has2','10.163.76.209','192','0/8 0','Huawei',1,'2025-12-08 14:25:20'),(409,'hk-hansadalen1has1','10.163.77.21','191','0/8 0','Huawei',1,'2025-12-08 14:25:20'),(410,'hk-bjoa1has1','10.163.78.171','497','0/8 0','Huawei',1,'2025-12-08 14:25:20'),(411,'hk-veamyr1has2','10.163.78.183','181','0/8 0','Huawei',1,'2025-12-08 14:25:20'),(412,'afi-klodeborg1has1','10.163.117.99','95','0/8 0','Huawei',1,'2025-12-08 14:25:20'),(413,'hk-rogalandsgt1has1','10.163.76.221','172','0/8 0','Huawei',1,'2025-12-08 14:25:20'),(414,'hk-amsos1has1','10.163.76.133','132','0/8 0','Huawei',1,'2025-12-08 14:25:20'),(415,'hk-veldetun1er1','10.161.14.58','1050','0/8 0','Huawei',1,'2025-12-08 14:25:20'),(416,'hk-stemmemyr1has1','10.163.78.129','395','0/8 0','Huawei',1,'2025-12-08 14:25:20'),(417,'hk-aksdal1has2','10.163.77.31','404','0/8 0','Huawei',1,'2025-12-08 14:25:20'),(418,'hk-aksdal1has3','10.163.77.135','405','0/8 0','Huawei',1,'2025-12-08 14:25:20'),(419,'hk-ostrem1has1','10.163.76.53','482','0/8 0','Huawei',1,'2025-12-08 14:25:20'),(420,'hk-botoppen1has1','10.163.77.159','133','0/8 0','Huawei',1,'2025-12-08 14:25:20'),(421,'hk-kopervik1er1','10.161.14.86','1078','0/8 0','Huawei',1,'2025-12-08 14:25:20'),(423,'hk-rubbe1has1','10.163.76.121','487','0/8 0','Huawei',1,'2025-12-08 14:25:20'),(424,'hk-fjellberg1has1','10.163.77.163','205','0/8 0','Huawei',1,'2025-12-08 14:25:20'),(425,'hk-ovregaten1has2','10.163.76.249','195','0/8 0','Huawei',1,'2025-12-08 14:25:20'),(426,'hk-odda1has3','10.163.77.197 ','210','0/8 0','Huawei',1,'2025-12-08 14:25:20'),(427,'hk-odda1has1','10.163.78.159','480','0/8 3','Huawei',1,'2025-12-08 14:25:20'),(428,'hk-moster1has1','10.163.78.59','467','0/8 0','Huawei',1,'2025-12-08 14:25:20'),(429,'hk-moster1has2','10.163.76.67','491','0/8 0','Huawei',1,'2025-12-08 14:25:20'),(431,'hk-odda7has1','10.163.76.89','185','0/8 0','Huawei',1,'2025-12-08 14:25:20'),(432,'hk-hollund1has1','10.163.76.11','64','0/8 0','Huawei',1,'2025-12-08 14:25:20'),(433,'hk-se1has2','10.163.78.33','219','0/8 0','Huawei',1,'2025-12-08 14:25:20'),(434,'hk-se1has3','10.163.78.35','220','0/8 0','Huawei',1,'2025-12-08 14:25:20'),(435,'hk-se1has4','10.163.78.47','223','0/8 0','Huawei',1,'2025-12-08 14:25:20'),(436,'hk-dukke1has1','10.163.76.33','479','0/8 0','Huawei',1,'2025-12-08 14:25:20'),(437,'hk-kvala2has1','10.163.76.143','115','0/8 0','Huawei',1,'2025-12-08 14:25:20'),(438,'hk-forde1has1','10.163.77.27','81','0/8 0','Huawei',1,'2025-12-08 14:25:20'),(439,'hk-bandadalen1has5','10.163.78.189','228','0/8 0','Huawei',1,'2025-12-08 14:25:20'),(440,'hk-bandadalen1has6','10.163.78.191','229','0/8 0','Huawei',1,'2025-12-08 14:25:20'),(441,'hk-vaga1ar1','10.163.78.51','376','','Cisco',1,'2025-12-08 14:25:20'),(442,'hk-tysingv1has2','10.163.77.229','215','0/8 0','Huawei',1,'2025-12-08 14:25:20'),(443,'hk-bandadalen1has4','10.163.77.189','146','0/8 0','Huawei',1,'2025-12-08 14:25:20'),(444,'hk-fitjar1has1','10.163.76.213','82','0/8 0','Huawei',1,'2025-12-08 14:25:20'),(445,'hk-auklandshavn1has1','10.163.77.175','113','0/8 0','Huawei',1,'2025-12-08 14:25:20'),(446,'hk-buavaag1has1','10.163.78.89','233','0/8 0','Huawei',1,'2025-12-08 14:25:20'),(447,'hk-vikebygd1has2','10.163.76.161','89','0/8 0','Huawei',1,'2025-12-08 14:25:20'),(448,'hk-sauda1has2','10.163.78.91','121','0/8 0','Huawei',1,'2025-12-08 14:25:20'),(449,'hk-lunde1has1','10.163.76.79','189','0/8 0','Huawei',1,'2025-12-08 14:25:20'),(450,'hk-akra4has1','10.163.76.107','164','0/8 0','Huawei',1,'2025-12-08 14:25:20'),(451,'hk-forre1has2','10.163.77.167','243','0/8 0','Huawei',1,'2025-12-08 14:25:20'),(452,'hk-brandasund1has1','10.163.77.107','160','0/8 0','Huawei',1,'2025-12-08 14:25:20'),(453,'hk-huglo1has1','10.163.76.35','246','0/8 0','Huawei',1,'2025-12-08 14:25:20'),(454,'hk-kopervik1has2','10.163.78.195','231','0/8 0','Huawei',1,'2025-12-08 14:25:20'),(455,'hk-haga1has2','10.163.77.187','197','0/8 0','Huawei',1,'2025-12-08 14:25:20'),(456,'hk-foyno1has1','10.163.77.53','241','0/3 0','Huawei',1,'2025-12-08 14:25:20'),(457,'hk-kanalen1has1','10.163.77.203','236','0/8 0','Huawei',1,'2025-12-08 14:25:20'),(458,'hk-royksund1has1','10.163.77.119','444','0/8 0','Huawei',1,'2025-12-08 14:25:20'),(459,'hk-rolfsnes1has1','10.163.76.127','66','0/8 0','Huawei',1,'2025-12-08 14:25:20'),(460,'hk-hillestveit1has1','10.163.77.217','379','0/8 0','Huawei',1,'2025-12-08 14:25:20'),(461,'hk-langevag1has1','10.163.76.251','450','0/8 0','Huawei',1,'2025-12-08 14:25:20'),(462,'hk-langevag1has2','10.163.78.143','457','0/8 0','Huawei',1,'2025-12-08 14:25:20'),(463,'hk-lykling1has1','10.163.78.151','471','0/8 0','Huawei',1,'2025-12-08 14:25:20'),(464,'hk-nesse1has1','10.163.77.157','458','0/8 0','Huawei',1,'2025-12-08 14:25:20'),(465,'hk-svort1has2','10.163.76.231','63','0/8 0','Huawei',1,'2025-12-08 14:25:20'),(466,'hk-engevik1has1','10.163.77.249','198','0/8 0','Huawei',1,'2025-12-08 14:25:20'),(467,'hk-kvedno1has1','10.163.78.115','440','0/8 0','Huawei',1,'2025-12-08 14:25:20'),(468,'hk-ekorn1er2','10.161.14.49','1124','','Cisco',1,'2025-12-08 14:25:20'),(469,'hk-ovrebygda1has1','10.163.76.191','216','0/8 0','Huawei',1,'2025-12-08 14:25:20'),(470,'hk-uggdal1has1','10.163.76.7','69','0/8 0','Huawei',1,'2025-12-08 14:25:20'),(471,'hk-vage1has2','10.163.78.23','237','0/8 0','Huawei',1,'2025-12-08 14:25:20'),(472,'hk-onarheim1has1','10.163.77.155','109','0/8 0','Huawei',1,'2025-12-08 14:25:20'),(473,'hk-etne1ar3','10.163.77.199','369','1/1','Cisco',1,'2025-12-08 14:25:20'),(474,'hk-sveio2cas1','10.163.77.139','167','3/0/1','',1,'2025-12-08 14:25:20'),(475,'hk-rubbe1has2','10.163.78.67','184','0/8 0','Huawei',1,'2025-12-08 14:25:20'),(476,'hk-steinbru1has1','10.163.78.85','224','0/8 0','Huawei',1,'2025-12-08 14:25:20'),(477,'hk-etne1has1','10.163.77.23','107','0/8 0','Huawei',1,'2025-12-08 14:25:20'),(478,'hk-skude2has1','10.163.78.133','397','0/8 0','Huawei',1,'2025-12-08 14:25:20'),(479,'hk-stangeland1has1','10.163.77.39','87','0/8 0','Huawei',1,'2025-12-08 14:25:20'),(480,'hk-kv1has3','10.163.77.201','248','0/8 0','Huawei',1,'2025-12-08 14:25:20'),(481,'hk-odda1er2','10.161.14.98','1089','0/0/0/0','',1,'2025-12-08 14:25:20'),(482,'hk-akra6has2','10.163.78.29','140','0/8 0','Huawei',1,'2025-12-08 14:25:20'),(483,'hk-akra6has1','10.163.76.233','70','0/8 0','Huawei',1,'2025-12-08 14:25:20'),(484,'hk-akra6cas1','10.163.77.237','259','5/0/1','',1,'2025-12-08 14:25:20'),(485,'hk-lokje1has1','10.163.78.153','472','0/8 0','Huawei',1,'2025-12-08 14:25:20'),(486,'hk-lokje1cas1','10.163.77.41','240','0/5/1','',1,'2025-12-08 14:25:20'),(487,'hk-akra8has1','10.163.76.49','114','0/8 0','Huawei',1,'2025-12-08 14:25:20'),(488,'hk-moksheim1cas1','10.163.78.167','256','0/5/1','',1,'2025-12-08 14:25:20'),(489,'hk-visnes1has1','10.163.78.71','252','0/8 0','Huawei',1,'2025-12-08 14:25:20'),(490,'hk-hatlandsdalen1has1','10.163.78.81','254','0/8 0','Huawei',1,'2025-12-08 14:25:20'),(491,'hk-kongsvik1has1','10.163.77.243','72','0/8 0','Huawei',1,'2025-12-08 14:25:20'),(492,'hk-hauge1has2','10.163.76.15','268','0/8 0','Huawei',1,'2025-12-08 14:25:20'),(493,'hk-sveio3has1','10.163.78.201','258','0/8 0','Huawei',1,'2025-12-08 14:25:20'),(494,'hk-skar1has1','10.163.77.113','131','0/8 0','Huawei',1,'2025-12-08 14:25:20'),(495,'hk-bakaroy1cas1','10.163.78.69','251','3/0/1','',1,'2025-12-08 14:25:20'),(496,'hk-kallevik1has1','10.163.78.205','262','0/8 0','Huawei',1,'2025-12-08 14:25:20'),(497,'hk-arbakka1has1','10.163.78.211','269','0/8 0','Huawei',1,'2025-12-08 14:25:20'),(498,'hk-stangeland1cas1','10.163.78.203','260','5/0/1','',1,'2025-12-08 14:25:20'),(499,'hk-kvala2cas1','10.163.78.83','255','5/0/1','',1,'2025-12-08 14:25:20'),(500,'hk-flygan1has1','10.163.77.213','279','0/3 0','Huawei',1,'2025-12-08 14:25:20'),(501,'hk-avald1cas1','10.163.76.129','120','5/0/1','',1,'2025-12-08 14:25:20'),(502,'hk-langaker1has1','10.163.76.5','68','0/8 0','Huawei',1,'2025-12-08 14:25:20'),(503,'hk-kvalavag1has1','10.163.76.27','155','0/8 0','Huawei',1,'2025-12-08 14:25:20'),(504,'hk-ringen1has1','10.163.76.43','97','0/8 0','Huawei',1,'2025-12-08 14:25:20'),(505,'hk-skude3has1','10.163.77.61','463','0/8 0','Huawei',1,'2025-12-08 14:25:20'),(506,'hk-skare2cas1','10.163.78.213','275','5/0/1','',1,'2025-12-08 14:25:20'),(507,'hk-sandve1has1','10.163.77.225','280','0/8 0','Huawei',1,'2025-12-08 14:25:20'),(508,'hk-langaker1cas1','10.163.77.171','278','0/8 0','',1,'2025-12-08 14:25:20'),(509,'hk-sandeid1has2','10.163.77.87','209','0/8 0','Huawei',1,'2025-12-08 14:25:20'),(510,'hk-osnes1cas1','10.163.77.3','148','5/0/1','',1,'2025-12-08 14:25:20'),(511,'hk-gismarvik1cas1','10.163.77.17','79','5/0/1','',1,'2025-12-08 14:25:20'),(512,'hk-nedstrand1cas1','10.163.76.169','151','3/0/1','',1,'2025-12-08 14:25:20'),(513,'hk-valevag1has1','10.163.76.177','67','5/0/1','Huawei',1,'2025-12-08 14:25:20'),(514,'hk-valevag1cas1','10.163.76.177','67','5/0/1','',1,'2025-12-08 14:25:20'),(515,'hk-tuastad1has2','10.163.77.49','90','0/8 0','Huawei',1,'2025-12-08 14:25:20'),(516,'hk-vage2has1','10.163.77.183','130','0/8 0','Huawei',1,'2025-12-08 14:25:20');

#
# Structure for table "cost_projects"
#

CREATE TABLE `cost_projects` (
  `id` int unsigned NOT NULL AUTO_INCREMENT,
  `project_no` varchar(32) NOT NULL,
  `name` varchar(255) NOT NULL,
  `is_active` tinyint(1) NOT NULL DEFAULT '1',
  `created_at` datetime NOT NULL DEFAULT CURRENT_TIMESTAMP,
  PRIMARY KEY (`id`),
  UNIQUE KEY `uniq_cost_project_no` (`project_no`),
  KEY `idx_cost_projects_active` (`is_active`)
) ENGINE=InnoDB DEFAULT CHARSET=utf8mb4 COLLATE=utf8mb4_0900_ai_ci;

#
# Data for table "cost_projects"
#


#
# Structure for table "cpe_mgmt_ip"
#

CREATE TABLE `cpe_mgmt_ip` (
  `id` int unsigned NOT NULL AUTO_INCREMENT,
  `ip_address` varchar(45) NOT NULL,
  `is_used` tinyint(1) NOT NULL DEFAULT '0',
  `nni_customer_id` int unsigned DEFAULT NULL,
  `note` varchar(255) DEFAULT NULL,
  `created_at` datetime NOT NULL DEFAULT CURRENT_TIMESTAMP,
  PRIMARY KEY (`id`),
  UNIQUE KEY `uniq_cpe_mgmt_ip_address` (`ip_address`),
  KEY `idx_cpe_mgmt_ip_customer` (`nni_customer_id`)
) ENGINE=InnoDB DEFAULT CHARSET=utf8mb4 COLLATE=utf8mb4_0900_ai_ci;

#
# Data for table "cpe_mgmt_ip"
#


#
# Structure for table "crm_accounts"
#

CREATE TABLE `crm_accounts` (
  `id` bigint unsigned NOT NULL AUTO_INCREMENT,
  `type` enum('customer','partner') NOT NULL DEFAULT 'customer',
  `name` varchar(255) NOT NULL,
  `org_no` varchar(32) DEFAULT NULL,
  `reference` varchar(128) DEFAULT NULL,
  `email` varchar(255) DEFAULT NULL,
  `phone` varchar(64) DEFAULT NULL,
  `address1` varchar(255) DEFAULT NULL,
  `address2` varchar(255) DEFAULT NULL,
  `postal_code` varchar(16) DEFAULT NULL,
  `postal_city` varchar(128) DEFAULT NULL,
  `country` varchar(64) DEFAULT 'NO',
  `payment_terms_days` int NOT NULL DEFAULT '14',
  `is_active` tinyint(1) NOT NULL DEFAULT '1',
  `created_at` datetime NOT NULL DEFAULT CURRENT_TIMESTAMP,
  PRIMARY KEY (`id`),
  UNIQUE KEY `uniq_orgno` (`org_no`),
  KEY `idx_type` (`type`),
  KEY `idx_name` (`name`)
) ENGINE=InnoDB AUTO_INCREMENT=2 DEFAULT CHARSET=utf8mb4 COLLATE=utf8mb4_0900_ai_ci;

#
# Data for table "crm_accounts"
#

INSERT INTO `crm_accounts` VALUES (1,'partner','Finnås Kraftlag','99999999','Anders Engevik','anders@fkl.no','98989898','Finnåsgata 12',NULL,'6677','Bømlo','NO',14,1,'2025-12-21 20:10:40');

#
# Structure for table "billing_invoice_drafts"
#

CREATE TABLE `billing_invoice_drafts` (
  `id` bigint unsigned NOT NULL AUTO_INCREMENT,
  `account_id` bigint unsigned NOT NULL,
  `status` enum('draft','locked','exported') NOT NULL DEFAULT 'draft',
  `title` varchar(255) DEFAULT NULL,
  `your_ref` varchar(128) DEFAULT NULL,
  `their_ref` varchar(128) DEFAULT NULL,
  `currency` char(3) NOT NULL DEFAULT 'NOK',
  `issue_date` date DEFAULT NULL,
  `due_date` date DEFAULT NULL,
  `notes` text,
  `subtotal` decimal(12,2) NOT NULL DEFAULT '0.00',
  `vat_amount` decimal(12,2) NOT NULL DEFAULT '0.00',
  `total` decimal(12,2) NOT NULL DEFAULT '0.00',
  `created_by` varchar(64) DEFAULT NULL,
  `created_at` datetime NOT NULL DEFAULT CURRENT_TIMESTAMP,
  `updated_at` datetime DEFAULT NULL ON UPDATE CURRENT_TIMESTAMP,
  PRIMARY KEY (`id`),
  KEY `idx_account` (`account_id`),
  KEY `idx_status` (`status`),
  CONSTRAINT `fk_inv_account` FOREIGN KEY (`account_id`) REFERENCES `crm_accounts` (`id`) ON DELETE RESTRICT
) ENGINE=InnoDB AUTO_INCREMENT=4 DEFAULT CHARSET=utf8mb4 COLLATE=utf8mb4_0900_ai_ci;

#
# Data for table "billing_invoice_drafts"
#

INSERT INTO `billing_invoice_drafts` VALUES (1,1,'draft','Fakturagrunnlag',NULL,NULL,'NOK','2025-12-21','2026-01-04',NULL,1000.00,0.00,1000.00,'rsv','2025-12-21 20:19:39','2025-12-21 20:24:31');

#
# Structure for table "edge_routers"
#

CREATE TABLE `edge_routers` (
  `id` int unsigned NOT NULL AUTO_INCREMENT,
  `name` varchar(128) NOT NULL,
  `mgmt_ip` varchar(45) NOT NULL,
  `loopback_ip` varchar(45) DEFAULT NULL,
  `edge_type` varchar(64) NOT NULL,
  `has_base_config` tinyint(1) NOT NULL DEFAULT '0',
  `is_active` tinyint(1) NOT NULL DEFAULT '1',
  `created_at` datetime NOT NULL DEFAULT CURRENT_TIMESTAMP,
  PRIMARY KEY (`id`),
  UNIQUE KEY `uniq_name` (`name`)
) ENGINE=InnoDB AUTO_INCREMENT=1000 DEFAULT CHARSET=utf8mb4 COLLATE=utf8mb4_0900_ai_ci;

#
# Data for table "edge_routers"
#

INSERT INTO `edge_routers` VALUES (865,'hk-etne1er1','10.161.14.23','10.161.14.23','ASR9001',0,1,'2025-12-08 15:20:26'),(866,'hk-skude1er2','10.161.14.43','10.161.14.43','ASR9001',0,1,'2025-12-08 15:20:26'),(867,'hk-odda2er1','10.161.14.69','10.161.14.69','ASR9001',0,1,'2025-12-08 15:20:26'),(868,'hk-bedrift1sr1','10.161.14.85','10.161.14.85','ASR9001',0,1,'2025-12-08 15:20:26'),(869,'hk-fitjar1er1','10.161.14.1','10.161.14.1','NCS55A2-mod',0,1,'2025-12-08 15:20:26'),(870,'hk-tysingv1er2','10.161.14.10','10.161.14.10','NCS55A2-mod',0,1,'2025-12-08 15:20:26'),(871,'hk-aksdal1er2','10.161.14.102','10.161.14.102','NCS55A2-mod',0,1,'2025-12-08 15:20:26'),(872,'hk-kvala1er3','10.161.14.108','10.161.14.108','NCS55A2-mod',0,1,'2025-12-08 15:20:26'),(873,'hk-sauda1er2','10.161.14.110','10.161.14.110','NCS55A2-mod',0,1,'2025-12-08 15:20:26'),(874,'hk-straumen1er2','10.161.14.111','10.161.14.111','NCS55A2-mod',0,1,'2025-12-08 15:20:26'),(875,'hk-bjolle1er2','10.161.14.112','10.161.14.112','NCS55A2-mod',0,1,'2025-12-08 15:20:26'),(876,'hk-hollund1er2','10.161.14.113','10.161.14.113','NCS55A2-mod',0,1,'2025-12-08 15:20:26'),(877,'hk-skare2er2','10.161.14.114','10.161.14.114','NCS55A2-mod',0,1,'2025-12-08 15:20:26'),(878,'hk-slattevik1er2','10.161.14.116','10.161.14.116','NCS55A2-mod',0,1,'2025-12-08 15:20:26'),(879,'hk-steinbru1er2','10.161.14.14','10.161.14.14','NCS55A2-mod',0,1,'2025-12-08 15:20:26'),(880,'hk-haga1er2','10.161.14.15','10.161.14.15','NCS55A2-mod',0,1,'2025-12-08 15:20:26'),(881,'hk-ad1er2','10.161.14.16','10.161.14.16','NCS55A2-mod',0,1,'2025-12-08 15:20:26'),(882,'hk-isvik2er2','10.161.14.17','10.161.14.17','NCS55A2-mod',0,1,'2025-12-08 15:20:26'),(883,'hk-se1er1','10.161.14.2','10.161.14.2','NCS55A2-mod',0,1,'2025-12-08 15:20:26'),(884,'hk-asalvik1er2','10.161.14.21','10.161.14.21','NCS55A2-mod',0,1,'2025-12-08 15:20:26'),(885,'hk-sandeid1er2','10.161.14.22','10.161.14.22','NCS55A2-mod',0,1,'2025-12-08 15:20:26'),(886,'hk-kv1er2','10.161.14.24','10.161.14.24','NCS55A2-mod',0,1,'2025-12-08 15:20:26'),(887,'hk-lokje1er1','10.161.14.25','10.161.14.25','NCS55A2-mod',0,1,'2025-12-08 15:20:26'),(888,'hk-vaagen1er2','10.161.14.26','10.161.14.26','NCS55A2-mod',0,1,'2025-12-08 15:20:26'),(889,'hk-sveio2er2','10.161.14.29','10.161.14.29','NCS55A2-mod',0,1,'2025-12-08 15:20:26'),(890,'hk-otteraa1er1','10.161.14.3','10.161.14.3','NCS55A2-mod',0,1,'2025-12-08 15:20:26'),(891,'hk-akra4er1','10.161.14.32','10.161.14.32','NCS55A2-mod',0,1,'2025-12-08 15:20:26'),(892,'hk-velde1er2','10.161.14.34','10.161.14.34','NCS55A2-mod',0,1,'2025-12-08 15:20:26'),(893,'hk-akra5er2','10.161.14.35','10.161.14.35','NCS55A2-mod',0,1,'2025-12-08 15:20:26'),(894,'hk-snurre1er1','10.161.14.37','10.161.14.37','NCS55A2-mod',0,1,'2025-12-08 15:20:26'),(895,'hk-flotmyr1er1','10.161.14.4','10.161.14.4','NCS55A2-mod',0,1,'2025-12-08 15:20:26'),(896,'hk-veldetun1er2','10.161.14.40','10.161.14.40','NCS55A2-mod',0,1,'2025-12-08 15:20:26'),(897,'hk-veamyr1er2','10.161.14.45','10.161.14.45','NCS55A2-mod',0,1,'2025-12-08 15:20:26'),(898,'hk-ekorn1er2','10.161.14.49','10.161.14.49','NCS55A2-mod',0,1,'2025-12-08 15:20:26'),(899,'hk-bandadalen1er2','10.161.14.5','10.161.14.5','NCS55A2-mod',0,1,'2025-12-08 15:20:26'),(900,'hk-rossa1er1','10.161.14.50','10.161.14.50','NCS55A2-mod',0,1,'2025-12-08 15:20:26'),(901,'hk-avald1er2','10.161.14.53','10.161.14.53','NCS55A2-mod',0,1,'2025-12-08 15:20:26'),(902,'hk-ystad1er2','10.161.14.56','10.161.14.56','NCS55A2-mod',0,1,'2025-12-08 15:20:26'),(903,'hk-vage1er2','10.161.14.57','10.161.14.57','NCS55A2-mod',0,1,'2025-12-08 15:20:26'),(904,'hk-moksheim1er2','10.161.14.67','10.161.14.67','NCS55A2-mod',0,1,'2025-12-08 15:20:26'),(905,'hk-ovrebygda1er2','10.161.14.68','10.161.14.68','NCS55A2-mod',0,1,'2025-12-08 15:20:26'),(906,'hk-kopervik1er2','10.161.14.7','10.161.14.7','NCS55A2-mod',0,1,'2025-12-08 15:20:26'),(907,'hk-sand1er2','10.161.14.72','10.161.14.72','NCS55A2-mod',0,1,'2025-12-08 15:20:26'),(908,'hk-urang1er2','10.161.14.78','10.161.14.78','NCS55A2-mod',0,1,'2025-12-08 15:20:26'),(909,'hk-rolfsnes1er2','10.161.14.79','10.161.14.79','NCS55A2-mod',0,1,'2025-12-08 15:20:26'),(910,'hk-solvang1er2','10.161.14.8','10.161.14.8','NCS55A2-mod',0,1,'2025-12-08 15:20:26'),(911,'hk-langevag1er2','10.161.14.80','10.161.14.80','NCS55A2-mod',0,1,'2025-12-08 15:20:26'),(912,'hk-moster1er2','10.161.14.81','10.161.14.81','NCS55A2-mod',0,1,'2025-12-08 15:20:26'),(913,'hk-rubbe1er2','10.161.14.82','10.161.14.82','NCS55A2-mod',0,1,'2025-12-08 15:20:26'),(914,'hk-mo1er2','10.161.14.86','10.161.14.86','NCS55A2-mod',0,1,'2025-12-08 15:20:26'),(915,'hk-svort1er2','10.161.14.9','10.161.14.9','NCS55A2-mod',0,1,'2025-12-08 15:20:26'),(916,'hk-rossa1er4','10.161.14.95','10.161.14.95','NCS55A2-mod',0,1,'2025-12-08 15:20:26'),(917,'hk-heiane1er1','10.161.14.96','10.161.14.96','NCS55A2-mod',0,1,'2025-12-08 15:20:26'),(918,'hk-odda1er2','10.161.14.98','10.161.14.98','NCS55A2-mod',0,1,'2025-12-08 15:20:26'),(919,'hk-odda3er2','10.161.14.99','10.161.14.99','NCS55A2-mod',0,1,'2025-12-08 15:20:26'),(920,'afi-mykland2er1','10.161.26.11','10.161.26.11','NCS55A2-mod',0,1,'2025-12-08 15:20:26'),(921,'afi-egddalen2er1','10.161.26.12','10.161.26.12','NCS55A2-mod',0,1,'2025-12-08 15:20:26'),(922,'afi-vegarshei1er2','10.161.26.21','10.161.26.21','NCS55A2-mod',0,1,'2025-12-08 15:20:26'),(923,'afi-saltrod1er2','10.161.26.24','10.161.26.24','NCS55A2-mod',0,1,'2025-12-08 15:20:26'),(924,'afi-nygardsveien1er1','10.161.26.27','10.161.26.27','NCS55A2-mod',0,1,'2025-12-08 15:20:26'),(925,'afi-osedalen1er1','10.161.26.30','10.161.26.30','NCS55A2-mod',0,1,'2025-12-08 15:20:26'),(926,'afi-tybakken1er1','10.161.26.31','10.161.26.31','NCS55A2-mod',0,1,'2025-12-08 15:20:26'),(927,'afi-tingsakerterrasse1er1','10.161.26.32','10.161.26.32','NCS55A2-mod',0,1,'2025-12-08 15:20:26'),(928,'afi-eidbo1er1','10.161.26.34','10.161.26.34','NCS55A2-mod',0,1,'2025-12-08 15:20:26'),(929,'afi-rygene1er1','10.161.26.35','10.161.26.35','NCS55A2-mod',0,1,'2025-12-08 15:20:26'),(930,'afi-vik3er2','10.161.26.36','10.161.26.36','NCS55A2-mod',0,1,'2025-12-08 15:20:26'),(931,'afi-natvig1er2','10.161.26.37','10.161.26.37','NCS55A2-mod',0,1,'2025-12-08 15:20:26'),(932,'afi-tverrdalsoya1er2','10.161.26.38','10.161.26.38','NCS55A2-mod',0,1,'2025-12-08 15:20:26'),(933,'afi-risor1er2','10.161.26.39','10.161.26.39','NCS55A2-mod',0,1,'2025-12-08 15:20:26');

#
# Structure for table "grossist_vendors"
#

CREATE TABLE `grossist_vendors` (
  `id` int unsigned NOT NULL AUTO_INCREMENT,
  `slug` varchar(64) NOT NULL,
  `name` varchar(128) NOT NULL,
  `is_active` tinyint(1) NOT NULL DEFAULT '1',
  `sort_order` int NOT NULL DEFAULT '0',
  `created_at` datetime NOT NULL DEFAULT CURRENT_TIMESTAMP,
  PRIMARY KEY (`id`),
  UNIQUE KEY `uniq_slug` (`slug`)
) ENGINE=InnoDB AUTO_INCREMENT=8 DEFAULT CHARSET=utf8mb4 COLLATE=utf8mb4_0900_ai_ci;

#
# Data for table "grossist_vendors"
#

INSERT INTO `grossist_vendors` VALUES (1,'eviny','Eviny',1,10,'2025-12-08 11:01:49'),(2,'telia','Telia',1,20,'2025-12-08 11:01:49'),(3,'globalconnect','Global Connect',1,30,'2025-12-08 11:01:49'),(4,'hkf_iot','HKF IoT',1,40,'2025-12-08 11:01:49');

#
# Structure for table "grossist_service_routers"
#

CREATE TABLE `grossist_service_routers` (
  `id` int unsigned NOT NULL AUTO_INCREMENT,
  `vendor_id` int unsigned NOT NULL,
  `sr_name` varchar(128) NOT NULL,
  `sr_ip` varchar(45) NOT NULL,
  `loopback_ip` varchar(45) DEFAULT NULL,
  `location_name` varchar(128) NOT NULL,
  `is_active` tinyint(1) NOT NULL DEFAULT '1',
  `created_at` datetime NOT NULL DEFAULT CURRENT_TIMESTAMP,
  PRIMARY KEY (`id`),
  KEY `idx_vendor` (`vendor_id`),
  CONSTRAINT `fk_gsr_vendor` FOREIGN KEY (`vendor_id`) REFERENCES `grossist_vendors` (`id`) ON DELETE CASCADE
) ENGINE=InnoDB AUTO_INCREMENT=9 DEFAULT CHARSET=utf8mb4 COLLATE=utf8mb4_0900_ai_ci;

#
# Data for table "grossist_service_routers"
#

INSERT INTO `grossist_service_routers` VALUES (1,1,'hk-bedrift1sr1','10.161.14.33','10.161.14.33','Haugesund',1,'2025-12-08 13:52:20'),(7,1,'hk-rossa1sr1','10.161.14.120',NULL,'Rossabø',1,'2025-12-11 12:22:55'),(8,1,'hk-heiane1sr1','10.161.14.19',NULL,'Heiane på Stord',1,'2025-12-11 12:23:50');

#
# Structure for table "customer_l2vpn_circuits"
#

CREATE TABLE `customer_l2vpn_circuits` (
  `id` int unsigned NOT NULL AUTO_INCREMENT,
  `sambandsnr` varchar(32) NOT NULL,
  `vendor_id` int unsigned NOT NULL,
  `sr_id` int unsigned NOT NULL,
  `er_id` int unsigned NOT NULL,
  `ar_id` int unsigned NOT NULL,
  `ar_platform` enum('cisco','huawei') NOT NULL DEFAULT 'cisco',
  `ar_if_name` varchar(64) NOT NULL,
  `ar_huawei_user_port` varchar(32) DEFAULT NULL,
  `ar_huawei_uplink_slotport` varchar(32) DEFAULT NULL,
  `ar_vlan_service` int unsigned NOT NULL,
  `ar_vlan_mgmt` int unsigned DEFAULT NULL,
  `ar_vlan_mgmt2` int unsigned DEFAULT NULL,
  `ar_sp_service` int unsigned DEFAULT NULL,
  `ar_sp_init` int unsigned DEFAULT NULL,
  `ar_sp_mgmt` int unsigned DEFAULT NULL,
  `er_bundle_if` varchar(64) NOT NULL,
  `er_vlan_access` int unsigned NOT NULL,
  `er_vlan_core` int unsigned NOT NULL,
  `sr_subif_name` varchar(64) NOT NULL,
  `sr_vlan_core` int unsigned NOT NULL,
  `pw_group_name` varchar(64) NOT NULL,
  `pw_p2p_name` varchar(64) NOT NULL,
  `pw_remote_ip` varchar(45) NOT NULL,
  `pw_id` int unsigned NOT NULL,
  `pw_class` varchar(64) NOT NULL,
  `mtu` int unsigned NOT NULL DEFAULT '2052',
  `description` varchar(255) NOT NULL,
  `status` enum('planned','active','disabled') NOT NULL DEFAULT 'active',
  `created_at` datetime NOT NULL DEFAULT CURRENT_TIMESTAMP,
  PRIMARY KEY (`id`),
  KEY `idx_vendor` (`vendor_id`),
  KEY `idx_sr` (`sr_id`),
  KEY `idx_er` (`er_id`),
  KEY `idx_ar` (`ar_id`),
  KEY `idx_sambandsnr` (`sambandsnr`),
  CONSTRAINT `fk_circ_ar` FOREIGN KEY (`ar_id`) REFERENCES `access_routers` (`id`),
  CONSTRAINT `fk_circ_er` FOREIGN KEY (`er_id`) REFERENCES `edge_routers` (`id`),
  CONSTRAINT `fk_circ_sr` FOREIGN KEY (`sr_id`) REFERENCES `grossist_service_routers` (`id`),
  CONSTRAINT `fk_circ_vendor` FOREIGN KEY (`vendor_id`) REFERENCES `grossist_vendors` (`id`)
) ENGINE=InnoDB AUTO_INCREMENT=2 DEFAULT CHARSET=utf8mb4 COLLATE=utf8mb4_0900_ai_ci;

#
# Data for table "customer_l2vpn_circuits"
#

INSERT INTO `customer_l2vpn_circuits` VALUES (1,'C100M-2382',1,8,883,435,'huawei','Gi1/47',NULL,NULL,3721,NULL,NULL,NULL,NULL,NULL,'223',3721,2281,'2281',2281,'XC-HK-BKK-2281','P2P-HK-BKK-2281','10.161.14.19',32281,'PWC_HK-L2UNI-ETH',2052,'','active','2025-12-11 15:06:32');

#
# Structure for table "grossist_service_router_vendor_ports"
#

CREATE TABLE `grossist_service_router_vendor_ports` (
  `id` int unsigned NOT NULL AUTO_INCREMENT,
  `service_router_id` int unsigned NOT NULL,
  `vendor_id` int unsigned NOT NULL,
  `port_name` varchar(128) NOT NULL,
  `created_at` datetime NOT NULL DEFAULT CURRENT_TIMESTAMP,
  PRIMARY KEY (`id`),
  KEY `idx_sr_vendor` (`service_router_id`,`vendor_id`),
  KEY `fk_gsrvp_vendor` (`vendor_id`),
  CONSTRAINT `fk_gsrvp_service_router` FOREIGN KEY (`service_router_id`) REFERENCES `grossist_service_routers` (`id`) ON DELETE CASCADE,
  CONSTRAINT `fk_gsrvp_vendor` FOREIGN KEY (`vendor_id`) REFERENCES `grossist_vendors` (`id`) ON DELETE CASCADE
) ENGINE=InnoDB AUTO_INCREMENT=8 DEFAULT CHARSET=utf8mb4 COLLATE=utf8mb4_0900_ai_ci;

#
# Data for table "grossist_service_router_vendor_ports"
#

INSERT INTO `grossist_service_router_vendor_ports` VALUES (2,8,1,'Bundle-Ether69','2025-12-11 12:52:54'),(4,7,1,'Bundle-Ether69','2025-12-11 13:03:52'),(5,7,2,'GigabitEthernet0/0/0/23','2025-12-11 13:03:52'),(6,7,3,'TenGigE0/0/0/1','2025-12-11 13:03:52'),(7,7,4,'GigabitEthernet0/0/0/18','2025-12-11 13:03:52');

#
# Structure for table "grossist_access"
#

CREATE TABLE `grossist_access` (
  `id` int unsigned NOT NULL AUTO_INCREMENT,
  `customer_name` varchar(128) NOT NULL,
  `circuit_ref` varchar(128) NOT NULL,
  `vendor_id` int unsigned NOT NULL,
  `nni_vp_id` int unsigned NOT NULL,
  `sr_id` int unsigned NOT NULL,
  `er_id` int unsigned NOT NULL,
  `ar_id` int unsigned NOT NULL,
  `sr_ac_if` varchar(64) NOT NULL,
  `er_to_ar_if` varchar(64) NOT NULL,
  `ar_cpe_if` varchar(64) NOT NULL,
  `s_vlan` int unsigned DEFAULT NULL,
  `c_vlan` int unsigned DEFAULT NULL,
  `pw_id` int unsigned NOT NULL,
  `er_loopback_ip` varchar(64) NOT NULL,
  `sr_loopback_ip` varchar(64) NOT NULL,
  `mtu` int unsigned DEFAULT '9100',
  `notes` text,
  PRIMARY KEY (`id`),
  KEY `idx_vendor` (`vendor_id`),
  KEY `idx_sr` (`sr_id`),
  KEY `idx_er` (`er_id`),
  KEY `idx_ar` (`ar_id`),
  KEY `idx_ga_nni_vp` (`nni_vp_id`),
  CONSTRAINT `fk_ga_ar` FOREIGN KEY (`ar_id`) REFERENCES `access_routers` (`id`) ON DELETE RESTRICT,
  CONSTRAINT `fk_ga_er` FOREIGN KEY (`er_id`) REFERENCES `edge_routers` (`id`) ON DELETE RESTRICT,
  CONSTRAINT `fk_ga_nni_vp` FOREIGN KEY (`nni_vp_id`) REFERENCES `grossist_service_router_vendor_ports` (`id`) ON DELETE RESTRICT,
  CONSTRAINT `fk_ga_sr` FOREIGN KEY (`sr_id`) REFERENCES `grossist_service_routers` (`id`) ON DELETE RESTRICT,
  CONSTRAINT `fk_ga_vendor` FOREIGN KEY (`vendor_id`) REFERENCES `grossist_vendors` (`id`) ON DELETE RESTRICT
) ENGINE=InnoDB DEFAULT CHARSET=utf8mb4 COLLATE=utf8mb4_0900_ai_ci;

#
# Data for table "grossist_access"
#


#
# Structure for table "edge_router_vendor_config"
#

CREATE TABLE `edge_router_vendor_config` (
  `edge_router_id` int unsigned NOT NULL,
  `vendor_id` int unsigned NOT NULL,
  `has_config` tinyint(1) NOT NULL DEFAULT '1',
  `configured_at` datetime DEFAULT NULL,
  PRIMARY KEY (`edge_router_id`,`vendor_id`),
  KEY `fk_edge_vendor_vendor` (`vendor_id`),
  CONSTRAINT `fk_edge_vendor_edge` FOREIGN KEY (`edge_router_id`) REFERENCES `edge_routers` (`id`) ON DELETE CASCADE,
  CONSTRAINT `fk_edge_vendor_vendor` FOREIGN KEY (`vendor_id`) REFERENCES `grossist_vendors` (`id`) ON DELETE CASCADE
) ENGINE=InnoDB DEFAULT CHARSET=utf8mb4 COLLATE=utf8mb4_0900_ai_ci;

#
# Data for table "edge_router_vendor_config"
#

INSERT INTO `edge_router_vendor_config` VALUES (902,2,1,'2025-12-08 15:30:42');

#
# Structure for table "inv_categories"
#

CREATE TABLE `inv_categories` (
  `id` int unsigned NOT NULL AUTO_INCREMENT,
  `parent_id` int unsigned DEFAULT NULL,
  `name` varchar(128) NOT NULL,
  `created_at` datetime NOT NULL DEFAULT CURRENT_TIMESTAMP,
  PRIMARY KEY (`id`),
  KEY `idx_parent` (`parent_id`),
  CONSTRAINT `fk_invcat_parent` FOREIGN KEY (`parent_id`) REFERENCES `inv_categories` (`id`) ON DELETE SET NULL
) ENGINE=InnoDB AUTO_INCREMENT=20 DEFAULT CHARSET=utf8mb4 COLLATE=utf8mb4_0900_ai_ci;

#
# Data for table "inv_categories"
#

INSERT INTO `inv_categories` VALUES (1,2,'Nodeutstyr','2025-12-19 16:16:21'),(2,NULL,'Node','2025-12-19 16:16:50'),(3,NULL,'Passivt utstyr','2025-12-19 16:17:17'),(4,3,'CWDM-Hylle','2025-12-19 16:19:29'),(5,NULL,'Likeretter','2025-12-19 16:32:19'),(6,1,'Power Supply','2025-12-19 16:32:43'),(7,NULL,'Kundeplassert utstyr','2025-12-19 16:33:22'),(8,7,'Dekoder','2025-12-19 16:33:35'),(9,7,'Hjemmesentral','2025-12-19 16:33:43'),(10,2,'Aksessrouter','2025-12-19 16:34:12'),(11,2,'Linjekort','2025-12-19 16:35:13'),(12,NULL,'Annet','2025-12-19 16:47:17'),(13,NULL,'Invertere','2025-12-19 16:47:52'),(14,4,'MUX','2025-12-19 16:48:56'),(15,5,'Likerettermodul','2025-12-19 16:49:36'),(16,12,'Mediaconverter','2025-12-19 16:50:19'),(17,NULL,'Radiolinje','2025-12-19 16:51:30'),(18,12,'Nettverksutstyr','2025-12-19 16:53:02'),(19,18,'Routere','2025-12-19 16:53:13');

#
# Structure for table "inv_locations"
#

CREATE TABLE `inv_locations` (
  `id` int unsigned NOT NULL AUTO_INCREMENT,
  `code` varchar(64) NOT NULL,
  `name` varchar(128) NOT NULL,
  `address` varchar(255) DEFAULT NULL,
  `is_active` tinyint(1) NOT NULL DEFAULT '1',
  `created_at` datetime NOT NULL DEFAULT CURRENT_TIMESTAMP,
  PRIMARY KEY (`id`),
  UNIQUE KEY `uniq_invloc_code` (`code`),
  KEY `idx_invloc_active` (`is_active`),
  KEY `idx_invloc_name` (`name`)
) ENGINE=InnoDB AUTO_INCREMENT=3 DEFAULT CHARSET=utf8mb4 COLLATE=utf8mb4_0900_ai_ci;

#
# Data for table "inv_locations"
#

INSERT INTO `inv_locations` VALUES (1,'NORHEIM','Norheimsmarka 9','Norheimsmarka 9',1,'2025-12-22 14:42:30'),(2,'ROSSABØ','Rossabø','Haukelivegen 25',1,'2025-12-22 14:43:07');

#
# Structure for table "inv_products"
#

CREATE TABLE `inv_products` (
  `id` int unsigned NOT NULL AUTO_INCREMENT,
  `category_id` int unsigned DEFAULT NULL,
  `sku` varchar(64) DEFAULT NULL,
  `name` varchar(256) NOT NULL,
  `unit` varchar(32) NOT NULL DEFAULT 'stk',
  `min_stock` decimal(12,3) NOT NULL DEFAULT '0.000',
  `is_active` tinyint(1) NOT NULL DEFAULT '1',
  `created_at` datetime NOT NULL DEFAULT CURRENT_TIMESTAMP,
  PRIMARY KEY (`id`),
  KEY `idx_category` (`category_id`),
  KEY `idx_name` (`name`),
  CONSTRAINT `fk_invprod_category` FOREIGN KEY (`category_id`) REFERENCES `inv_categories` (`id`) ON DELETE SET NULL
) ENGINE=InnoDB AUTO_INCREMENT=11 DEFAULT CHARSET=utf8mb4 COLLATE=utf8mb4_0900_ai_ci;

#
# Data for table "inv_products"
#

INSERT INTO `inv_products` VALUES (1,6,NULL,'Cisco PWR-C45-1400DC-P','stk',0.000,1,'2025-12-19 16:35:57'),(2,13,NULL,'48-230V 700W','stk',0.000,1,'2025-12-19 16:48:17'),(3,14,NULL,'Fiberworks 8+1 F-CMUX-8+1-4761-MLU','stk',0.000,1,'2025-12-19 16:49:04'),(4,15,NULL,'Modul Flatpack2 2KW HE','stk',0.000,1,'2025-12-19 16:49:45'),(5,16,NULL,'Moxa IMC-21GA','stk',0.000,1,'2025-12-19 16:50:27'),(6,10,NULL,'Catalyst 4506-E m. SUP-8','stk',0.000,1,'2025-12-19 16:50:51'),(7,10,NULL,'Huawei MA5800-X15','stk',0.000,1,'2025-12-19 16:51:00'),(8,17,NULL,'Outdoor omni-antenna, 863-928 MHz, 5dBi, type N connector','stk',0.000,1,'2025-12-19 16:51:38'),(9,17,NULL,'Cisco Wireless Gateway for LoRaWAN, 863-870 MHz ISM band','stk',0.000,1,'2025-12-19 16:51:59'),(10,19,NULL,'Cisco ASR-920-12CZ-D Ordre 43554','stk',0.000,1,'2025-12-19 16:53:25');

#
# Structure for table "mgmnt_ip"
#

CREATE TABLE `mgmnt_ip` (
  `id` int unsigned NOT NULL AUTO_INCREMENT,
  `ip_address` varchar(45) NOT NULL,
  `is_used` tinyint(1) NOT NULL DEFAULT '0',
  `note` varchar(255) DEFAULT NULL,
  `created_at` datetime NOT NULL DEFAULT CURRENT_TIMESTAMP,
  PRIMARY KEY (`id`),
  UNIQUE KEY `uniq_mgmnt_ip_address` (`ip_address`)
) ENGINE=InnoDB AUTO_INCREMENT=1422 DEFAULT CHARSET=utf8mb4 COLLATE=utf8mb4_0900_ai_ci;

#
# Data for table "mgmnt_ip"
#

INSERT INTO `mgmnt_ip` VALUES (1,'10.36.32.110',1,NULL,'2025-12-09 15:17:35'),(2,'10.36.32.111',1,NULL,'2025-12-09 15:17:35'),(3,'10.36.32.112',1,NULL,'2025-12-09 15:17:35'),(4,'10.36.32.113',1,NULL,'2025-12-09 15:17:35'),(5,'10.36.32.114',1,NULL,'2025-12-09 15:17:35'),(6,'10.36.32.115',1,NULL,'2025-12-09 15:17:35'),(7,'10.36.32.116',1,NULL,'2025-12-09 15:17:35'),(8,'10.36.32.117',1,NULL,'2025-12-09 15:17:35'),(9,'10.36.32.118',1,NULL,'2025-12-09 15:17:35'),(10,'10.36.32.119',1,NULL,'2025-12-09 15:17:35'),(11,'10.36.32.120',1,NULL,'2025-12-09 15:17:35'),(12,'10.36.32.121',1,NULL,'2025-12-09 15:17:35'),(13,'10.36.32.122',1,NULL,'2025-12-09 15:17:35'),(14,'10.36.32.123',1,NULL,'2025-12-09 15:17:35'),(15,'10.36.32.124',1,NULL,'2025-12-09 15:17:35'),(16,'10.36.32.125',1,NULL,'2025-12-09 15:17:35'),(17,'10.36.32.126',1,NULL,'2025-12-09 15:17:35'),(18,'10.36.32.127',1,NULL,'2025-12-09 15:17:35'),(19,'10.36.32.128',1,NULL,'2025-12-09 15:17:35'),(20,'10.36.32.129',1,NULL,'2025-12-09 15:17:35'),(21,'10.36.32.130',1,NULL,'2025-12-09 15:17:35'),(22,'10.36.32.131',1,NULL,'2025-12-09 15:17:35'),(23,'10.36.32.132',1,NULL,'2025-12-09 15:17:35'),(24,'10.36.32.133',1,NULL,'2025-12-09 15:17:35'),(25,'10.36.32.134',1,NULL,'2025-12-09 15:17:35'),(26,'10.36.32.135',1,NULL,'2025-12-09 15:17:35'),(27,'10.36.32.136',1,NULL,'2025-12-09 15:17:35'),(28,'10.36.32.137',1,NULL,'2025-12-09 15:17:35'),(29,'10.36.32.138',1,NULL,'2025-12-09 15:17:35'),(30,'10.36.32.139',1,NULL,'2025-12-09 15:17:35'),(31,'10.36.32.140',1,NULL,'2025-12-09 15:17:35'),(32,'10.36.32.141',1,NULL,'2025-12-09 15:17:35'),(33,'10.36.32.142',1,NULL,'2025-12-09 15:17:35'),(34,'10.36.32.143',1,NULL,'2025-12-09 15:17:35'),(35,'10.36.32.144',1,NULL,'2025-12-09 15:17:35'),(36,'10.36.32.145',1,NULL,'2025-12-09 15:17:35'),(37,'10.36.32.146',1,NULL,'2025-12-09 15:17:35'),(38,'10.36.32.147',1,NULL,'2025-12-09 15:17:35'),(39,'10.36.32.148',1,NULL,'2025-12-09 15:17:35'),(40,'10.36.32.149',1,NULL,'2025-12-09 15:17:35'),(41,'10.36.32.150',1,NULL,'2025-12-09 15:17:35'),(42,'10.36.32.151',1,NULL,'2025-12-09 15:17:35'),(43,'10.36.32.152',1,NULL,'2025-12-09 15:17:35'),(44,'10.36.32.153',1,NULL,'2025-12-09 15:17:35'),(45,'10.36.32.154',1,NULL,'2025-12-09 15:17:35'),(46,'10.36.32.155',1,NULL,'2025-12-09 15:17:35'),(47,'10.36.32.156',1,NULL,'2025-12-09 15:17:35'),(48,'10.36.32.157',1,NULL,'2025-12-09 15:17:35'),(49,'10.36.32.158',1,NULL,'2025-12-09 15:17:35'),(50,'10.36.32.159',1,NULL,'2025-12-09 15:17:35'),(51,'10.36.32.160',1,NULL,'2025-12-09 15:17:35'),(52,'10.36.32.161',1,NULL,'2025-12-09 15:17:35'),(53,'10.36.32.162',1,NULL,'2025-12-09 15:17:35'),(54,'10.36.32.163',1,NULL,'2025-12-09 15:17:35'),(55,'10.36.32.164',1,NULL,'2025-12-09 15:17:35'),(56,'10.36.32.165',1,NULL,'2025-12-09 15:17:35'),(57,'10.36.32.166',1,NULL,'2025-12-09 15:17:35'),(58,'10.36.32.167',1,NULL,'2025-12-09 15:17:35'),(59,'10.36.32.168',1,NULL,'2025-12-09 15:17:35'),(60,'10.36.32.169',1,NULL,'2025-12-09 15:17:35'),(61,'10.36.32.170',1,NULL,'2025-12-09 15:17:35'),(62,'10.36.32.171',1,NULL,'2025-12-09 15:17:35'),(63,'10.36.32.172',1,NULL,'2025-12-09 15:17:35'),(64,'10.36.32.173',1,NULL,'2025-12-09 15:17:35'),(65,'10.36.32.174',1,NULL,'2025-12-09 15:17:35'),(66,'10.36.32.175',1,NULL,'2025-12-09 15:17:35'),(67,'10.36.32.176',1,NULL,'2025-12-09 15:17:35'),(68,'10.36.32.177',1,NULL,'2025-12-09 15:17:35'),(69,'10.36.32.178',1,NULL,'2025-12-09 15:17:35'),(70,'10.36.32.179',1,NULL,'2025-12-09 15:17:35'),(71,'10.36.32.180',1,NULL,'2025-12-09 15:17:35'),(72,'10.36.32.181',1,NULL,'2025-12-09 15:17:35'),(73,'10.36.32.182',1,NULL,'2025-12-09 15:17:35'),(74,'10.36.32.183',1,NULL,'2025-12-09 15:17:35'),(75,'10.36.32.184',1,NULL,'2025-12-09 15:17:35'),(76,'10.36.32.185',1,NULL,'2025-12-09 15:17:35'),(77,'10.36.32.186',1,NULL,'2025-12-09 15:17:35'),(78,'10.36.32.187',1,NULL,'2025-12-09 15:17:35'),(79,'10.36.32.188',1,NULL,'2025-12-09 15:17:35'),(80,'10.36.32.189',1,NULL,'2025-12-09 15:17:35'),(81,'10.36.32.190',1,NULL,'2025-12-09 15:17:35'),(82,'10.36.32.191',1,NULL,'2025-12-09 15:17:35'),(83,'10.36.32.192',1,NULL,'2025-12-09 15:17:35'),(84,'10.36.32.193',1,NULL,'2025-12-09 15:17:35'),(85,'10.36.32.194',1,NULL,'2025-12-09 15:17:35'),(86,'10.36.32.195',1,NULL,'2025-12-09 15:17:35'),(87,'10.36.32.196',1,NULL,'2025-12-09 15:17:35'),(88,'10.36.32.197',1,NULL,'2025-12-09 15:17:35'),(89,'10.36.32.198',1,NULL,'2025-12-09 15:17:35'),(90,'10.36.32.199',1,NULL,'2025-12-09 15:17:35'),(91,'10.36.32.200',1,NULL,'2025-12-09 15:17:35'),(92,'10.36.32.201',1,NULL,'2025-12-09 15:17:35'),(93,'10.36.32.202',1,NULL,'2025-12-09 15:17:35'),(94,'10.36.32.203',1,NULL,'2025-12-09 15:17:35'),(95,'10.36.32.204',1,NULL,'2025-12-09 15:17:35'),(96,'10.36.32.205',1,NULL,'2025-12-09 15:17:35'),(97,'10.36.32.206',1,NULL,'2025-12-09 15:17:35'),(98,'10.36.32.207',1,NULL,'2025-12-09 15:17:35'),(99,'10.36.32.208',1,NULL,'2025-12-09 15:17:35'),(100,'10.36.32.209',1,NULL,'2025-12-09 15:17:35'),(101,'10.36.32.210',1,NULL,'2025-12-09 15:17:35'),(102,'10.36.32.211',1,NULL,'2025-12-09 15:17:35'),(103,'10.36.32.212',1,NULL,'2025-12-09 15:17:35'),(104,'10.36.32.213',1,NULL,'2025-12-09 15:17:35'),(105,'10.36.32.214',1,NULL,'2025-12-09 15:17:35'),(106,'10.36.32.215',1,NULL,'2025-12-09 15:17:35'),(107,'10.36.32.216',1,NULL,'2025-12-09 15:17:35'),(108,'10.36.32.217',1,NULL,'2025-12-09 15:17:35'),(109,'10.36.32.218',1,NULL,'2025-12-09 15:17:35'),(110,'10.36.32.219',1,NULL,'2025-12-09 15:17:35'),(111,'10.36.32.220',1,NULL,'2025-12-09 15:17:35'),(112,'10.36.32.221',1,NULL,'2025-12-09 15:17:35'),(113,'10.36.32.222',1,NULL,'2025-12-09 15:17:35'),(114,'10.36.32.223',1,NULL,'2025-12-09 15:17:35'),(115,'10.36.32.224',1,NULL,'2025-12-09 15:17:35'),(116,'10.36.32.225',1,NULL,'2025-12-09 15:17:35'),(117,'10.36.32.226',1,NULL,'2025-12-09 15:17:35'),(118,'10.36.32.227',1,NULL,'2025-12-09 15:17:35'),(119,'10.36.32.228',1,NULL,'2025-12-09 15:17:35'),(120,'10.36.32.229',1,NULL,'2025-12-09 15:17:35'),(121,'10.36.32.230',1,NULL,'2025-12-09 15:17:35'),(122,'10.36.32.231',1,NULL,'2025-12-09 15:17:35'),(123,'10.36.32.232',1,NULL,'2025-12-09 15:17:35'),(124,'10.36.32.233',1,NULL,'2025-12-09 15:17:35'),(125,'10.36.32.234',1,NULL,'2025-12-09 15:17:35'),(126,'10.36.32.235',1,NULL,'2025-12-09 15:17:35'),(127,'10.36.32.236',1,NULL,'2025-12-09 15:17:35'),(128,'10.36.32.237',1,NULL,'2025-12-09 15:17:35'),(129,'10.36.32.238',1,NULL,'2025-12-09 15:17:35'),(130,'10.36.32.239',1,NULL,'2025-12-09 15:17:35'),(131,'10.36.32.240',1,NULL,'2025-12-09 15:17:35'),(132,'10.36.32.241',1,NULL,'2025-12-09 15:17:35'),(133,'10.36.32.242',1,NULL,'2025-12-09 15:17:35'),(134,'10.36.32.243',1,NULL,'2025-12-09 15:17:35'),(135,'10.36.32.244',1,NULL,'2025-12-09 15:17:35'),(136,'10.36.32.245',1,NULL,'2025-12-09 15:17:35'),(137,'10.36.32.246',1,NULL,'2025-12-09 15:17:35'),(138,'10.36.32.247',1,NULL,'2025-12-09 15:17:35'),(139,'10.36.32.248',1,NULL,'2025-12-09 15:17:35'),(140,'10.36.32.249',1,NULL,'2025-12-09 15:17:35'),(141,'10.36.32.250',1,NULL,'2025-12-09 15:17:35'),(142,'10.36.32.251',1,NULL,'2025-12-09 15:17:35'),(143,'10.36.32.252',1,NULL,'2025-12-09 15:17:35'),(144,'10.36.32.253',1,NULL,'2025-12-09 15:17:35'),(145,'10.36.32.254',1,NULL,'2025-12-09 15:17:35'),(146,'10.36.32.255',1,NULL,'2025-12-09 15:17:35'),(147,'10.36.33.1',1,NULL,'2025-12-09 15:17:35'),(148,'10.36.33.2',1,NULL,'2025-12-09 15:17:35'),(149,'10.36.33.3',1,NULL,'2025-12-09 15:17:35'),(150,'10.36.33.4',1,NULL,'2025-12-09 15:17:35'),(151,'10.36.33.5',1,NULL,'2025-12-09 15:17:35'),(152,'10.36.33.6',1,NULL,'2025-12-09 15:17:35'),(153,'10.36.33.7',1,NULL,'2025-12-09 15:17:35'),(154,'10.36.33.8',1,NULL,'2025-12-09 15:17:35'),(155,'10.36.33.9',1,NULL,'2025-12-09 15:17:35'),(156,'10.36.33.10',1,NULL,'2025-12-09 15:17:35'),(157,'10.36.33.11',1,NULL,'2025-12-09 15:17:35'),(158,'10.36.33.12',1,NULL,'2025-12-09 15:17:35'),(159,'10.36.33.13',1,NULL,'2025-12-09 15:17:35'),(160,'10.36.33.14',1,NULL,'2025-12-09 15:17:35'),(161,'10.36.33.15',1,NULL,'2025-12-09 15:17:35'),(162,'10.36.33.16',1,NULL,'2025-12-09 15:17:35'),(163,'10.36.33.17',1,NULL,'2025-12-09 15:17:35'),(164,'10.36.33.18',1,NULL,'2025-12-09 15:17:35'),(165,'10.36.33.19',1,NULL,'2025-12-09 15:17:35'),(166,'10.36.33.20',1,NULL,'2025-12-09 15:17:35'),(167,'10.36.33.21',1,NULL,'2025-12-09 15:17:35'),(168,'10.36.33.22',1,NULL,'2025-12-09 15:17:35'),(169,'10.36.33.23',1,NULL,'2025-12-09 15:17:35'),(170,'10.36.33.24',1,NULL,'2025-12-09 15:17:35'),(171,'10.36.33.25',1,NULL,'2025-12-09 15:17:35'),(172,'10.36.33.26',1,NULL,'2025-12-09 15:17:35'),(173,'10.36.33.27',1,NULL,'2025-12-09 15:17:35'),(174,'10.36.33.28',1,NULL,'2025-12-09 15:17:35'),(175,'10.36.33.29',1,NULL,'2025-12-09 15:17:35'),(176,'10.36.33.30',1,NULL,'2025-12-09 15:17:35'),(177,'10.36.33.31',1,NULL,'2025-12-09 15:17:35'),(178,'10.36.33.32',1,NULL,'2025-12-09 15:17:35'),(179,'10.36.33.33',1,NULL,'2025-12-09 15:17:35'),(180,'10.36.33.34',1,NULL,'2025-12-09 15:17:35'),(181,'10.36.33.35',1,NULL,'2025-12-09 15:17:35'),(182,'10.36.33.36',1,NULL,'2025-12-09 15:17:35'),(183,'10.36.33.37',1,NULL,'2025-12-09 15:17:35'),(184,'10.36.33.38',1,NULL,'2025-12-09 15:17:35'),(185,'10.36.33.39',1,NULL,'2025-12-09 15:17:35'),(186,'10.36.33.40',1,NULL,'2025-12-09 15:17:35'),(187,'10.36.33.41',1,NULL,'2025-12-09 15:17:35'),(188,'10.36.33.42',1,NULL,'2025-12-09 15:17:35'),(189,'10.36.33.43',1,NULL,'2025-12-09 15:17:35'),(190,'10.36.33.44',1,NULL,'2025-12-09 15:17:35'),(191,'10.36.33.45',1,NULL,'2025-12-09 15:17:35'),(192,'10.36.33.46',1,NULL,'2025-12-09 15:17:35'),(193,'10.36.33.47',1,NULL,'2025-12-09 15:17:35'),(194,'10.36.33.48',1,NULL,'2025-12-09 15:17:35'),(195,'10.36.33.49',1,NULL,'2025-12-09 15:17:35'),(196,'10.36.33.50',1,NULL,'2025-12-09 15:17:35'),(197,'10.36.33.51',1,NULL,'2025-12-09 15:17:35'),(198,'10.36.33.52',1,NULL,'2025-12-09 15:17:35'),(199,'10.36.33.53',1,NULL,'2025-12-09 15:17:35'),(200,'10.36.33.54',1,NULL,'2025-12-09 15:17:35'),(201,'10.36.33.55',1,NULL,'2025-12-09 15:17:35'),(202,'10.36.33.56',1,NULL,'2025-12-09 15:17:35'),(203,'10.36.33.57',1,NULL,'2025-12-09 15:17:35'),(204,'10.36.33.58',1,NULL,'2025-12-09 15:17:35'),(205,'10.36.33.59',1,NULL,'2025-12-09 15:17:35'),(206,'10.36.33.60',1,NULL,'2025-12-09 15:17:35'),(207,'10.36.33.61',1,NULL,'2025-12-09 15:17:35'),(208,'10.36.33.62',1,NULL,'2025-12-09 15:17:35'),(209,'10.36.33.63',1,NULL,'2025-12-09 15:17:35'),(210,'10.36.33.64',1,NULL,'2025-12-09 15:17:35'),(211,'10.36.33.65',1,NULL,'2025-12-09 15:17:35'),(212,'10.36.33.66',1,NULL,'2025-12-09 15:17:35'),(213,'10.36.33.67',1,NULL,'2025-12-09 15:17:35'),(214,'10.36.33.68',1,NULL,'2025-12-09 15:17:35'),(215,'10.36.33.69',1,NULL,'2025-12-09 15:17:35'),(216,'10.36.33.70',1,NULL,'2025-12-09 15:17:35'),(217,'10.36.33.71',1,NULL,'2025-12-09 15:17:35'),(218,'10.36.33.72',1,NULL,'2025-12-09 15:17:35'),(219,'10.36.33.73',1,NULL,'2025-12-09 15:17:35'),(220,'10.36.33.74',1,NULL,'2025-12-09 15:17:35'),(221,'10.36.33.75',1,NULL,'2025-12-09 15:17:35'),(222,'10.36.33.76',1,NULL,'2025-12-09 15:17:35'),(223,'10.36.33.77',1,NULL,'2025-12-09 15:17:35'),(224,'10.36.33.78',1,NULL,'2025-12-09 15:17:35'),(225,'10.36.33.79',1,NULL,'2025-12-09 15:17:35'),(226,'10.36.33.80',1,NULL,'2025-12-09 15:17:35'),(227,'10.36.33.81',1,NULL,'2025-12-09 15:17:35'),(228,'10.36.33.82',1,NULL,'2025-12-09 15:17:35'),(229,'10.36.33.83',1,NULL,'2025-12-09 15:17:35'),(230,'10.36.33.84',1,NULL,'2025-12-09 15:17:35'),(231,'10.36.33.85',1,NULL,'2025-12-09 15:17:35'),(232,'10.36.33.86',1,NULL,'2025-12-09 15:17:35'),(233,'10.36.33.87',1,NULL,'2025-12-09 15:17:35'),(234,'10.36.33.88',1,NULL,'2025-12-09 15:17:35'),(235,'10.36.33.89',1,NULL,'2025-12-09 15:17:35'),(236,'10.36.33.90',1,NULL,'2025-12-09 15:17:35'),(237,'10.36.33.91',1,NULL,'2025-12-09 15:17:35'),(238,'10.36.33.92',1,NULL,'2025-12-09 15:17:35'),(239,'10.36.33.93',1,NULL,'2025-12-09 15:17:35'),(240,'10.36.33.94',1,NULL,'2025-12-09 15:17:35'),(241,'10.36.33.95',1,NULL,'2025-12-09 15:17:35'),(242,'10.36.33.96',1,NULL,'2025-12-09 15:17:35'),(243,'10.36.33.97',1,NULL,'2025-12-09 15:17:35'),(244,'10.36.33.98',1,NULL,'2025-12-09 15:17:35'),(245,'10.36.33.99',1,NULL,'2025-12-09 15:17:35'),(246,'10.36.33.100',1,NULL,'2025-12-09 15:17:35'),(247,'10.36.33.101',1,NULL,'2025-12-09 15:17:35'),(248,'10.36.33.102',1,NULL,'2025-12-09 15:17:35'),(249,'10.36.33.103',1,NULL,'2025-12-09 15:17:35'),(250,'10.36.33.104',1,NULL,'2025-12-09 15:17:35'),(251,'10.36.33.105',1,NULL,'2025-12-09 15:17:35'),(252,'10.36.33.106',1,NULL,'2025-12-09 15:17:35'),(253,'10.36.33.107',1,NULL,'2025-12-09 15:17:35'),(254,'10.36.33.108',1,NULL,'2025-12-09 15:17:35'),(255,'10.36.33.109',1,NULL,'2025-12-09 15:17:35'),(256,'10.36.33.110',1,NULL,'2025-12-09 15:17:35'),(257,'10.36.33.111',1,NULL,'2025-12-09 15:17:35'),(258,'10.36.33.112',1,NULL,'2025-12-09 15:17:35'),(259,'10.36.33.113',1,NULL,'2025-12-09 15:17:35'),(260,'10.36.33.114',1,NULL,'2025-12-09 15:17:35'),(261,'10.36.33.115',1,NULL,'2025-12-09 15:17:35'),(262,'10.36.33.116',1,NULL,'2025-12-09 15:17:35'),(263,'10.36.33.117',1,NULL,'2025-12-09 15:17:35'),(264,'10.36.33.118',1,NULL,'2025-12-09 15:17:35'),(265,'10.36.33.119',1,NULL,'2025-12-09 15:17:35'),(266,'10.36.33.120',1,NULL,'2025-12-09 15:17:35'),(267,'10.36.33.121',1,NULL,'2025-12-09 15:17:35'),(268,'10.36.33.122',1,NULL,'2025-12-09 15:17:35'),(269,'10.36.33.123',1,NULL,'2025-12-09 15:17:35'),(270,'10.36.33.124',1,NULL,'2025-12-09 15:17:35'),(271,'10.36.33.125',1,NULL,'2025-12-09 15:17:35'),(272,'10.36.33.126',1,NULL,'2025-12-09 15:17:35'),(273,'10.36.33.127',1,NULL,'2025-12-09 15:17:35'),(274,'10.36.33.128',1,NULL,'2025-12-09 15:17:35'),(275,'10.36.33.129',1,NULL,'2025-12-09 15:17:35'),(276,'10.36.33.130',1,NULL,'2025-12-09 15:17:35'),(277,'10.36.33.131',1,NULL,'2025-12-09 15:17:35'),(278,'10.36.33.132',1,NULL,'2025-12-09 15:17:35'),(279,'10.36.33.133',1,NULL,'2025-12-09 15:17:35'),(280,'10.36.33.134',1,NULL,'2025-12-09 15:17:35'),(281,'10.36.33.135',1,NULL,'2025-12-09 15:17:35'),(282,'10.36.33.136',1,NULL,'2025-12-09 15:17:35'),(283,'10.36.33.137',1,NULL,'2025-12-09 15:17:35'),(284,'10.36.33.138',1,NULL,'2025-12-09 15:17:35'),(285,'10.36.33.139',1,NULL,'2025-12-09 15:17:35'),(286,'10.36.33.140',1,NULL,'2025-12-09 15:17:35'),(287,'10.36.33.141',1,NULL,'2025-12-09 15:17:35'),(288,'10.36.33.142',1,NULL,'2025-12-09 15:17:35'),(289,'10.36.33.143',1,NULL,'2025-12-09 15:17:35'),(290,'10.36.33.144',1,NULL,'2025-12-09 15:17:35'),(291,'10.36.33.145',1,NULL,'2025-12-09 15:17:35'),(292,'10.36.33.146',1,NULL,'2025-12-09 15:17:35'),(293,'10.36.33.147',1,NULL,'2025-12-09 15:17:35'),(294,'10.36.33.148',1,NULL,'2025-12-09 15:17:35'),(295,'10.36.33.149',1,NULL,'2025-12-09 15:17:35'),(296,'10.36.33.150',1,NULL,'2025-12-09 15:17:35'),(297,'10.36.33.151',1,NULL,'2025-12-09 15:17:35'),(298,'10.36.33.152',1,NULL,'2025-12-09 15:17:35'),(299,'10.36.33.153',1,NULL,'2025-12-09 15:17:35'),(300,'10.36.33.154',1,NULL,'2025-12-09 15:17:35'),(301,'10.36.33.155',1,NULL,'2025-12-09 15:17:35'),(302,'10.36.33.156',1,NULL,'2025-12-09 15:17:35'),(303,'10.36.33.157',1,NULL,'2025-12-09 15:17:35'),(304,'10.36.33.158',1,NULL,'2025-12-09 15:17:35'),(305,'10.36.33.159',1,NULL,'2025-12-09 15:17:35'),(306,'10.36.33.160',1,NULL,'2025-12-09 15:17:35'),(307,'10.36.33.161',1,NULL,'2025-12-09 15:17:35'),(308,'10.36.33.162',1,NULL,'2025-12-09 15:17:35'),(309,'10.36.33.163',1,NULL,'2025-12-09 15:17:35'),(310,'10.36.33.164',1,NULL,'2025-12-09 15:17:35'),(311,'10.36.33.165',1,NULL,'2025-12-09 15:17:35'),(312,'10.36.33.166',1,NULL,'2025-12-09 15:17:35'),(313,'10.36.33.167',1,NULL,'2025-12-09 15:17:35'),(314,'10.36.33.168',1,NULL,'2025-12-09 15:17:35'),(315,'10.36.33.169',1,NULL,'2025-12-09 15:17:35'),(316,'10.36.33.170',1,NULL,'2025-12-09 15:17:35'),(317,'10.36.33.171',1,NULL,'2025-12-09 15:17:35'),(318,'10.36.33.172',1,NULL,'2025-12-09 15:17:35'),(319,'10.36.33.173',1,NULL,'2025-12-09 15:17:35'),(320,'10.36.33.174',1,NULL,'2025-12-09 15:17:35'),(321,'10.36.33.175',1,NULL,'2025-12-09 15:17:35'),(322,'10.36.33.176',1,NULL,'2025-12-09 15:17:35'),(323,'10.36.33.177',1,NULL,'2025-12-09 15:17:35'),(324,'10.36.33.178',1,NULL,'2025-12-09 15:17:35'),(325,'10.36.33.179',1,NULL,'2025-12-09 15:17:35'),(326,'10.36.33.180',1,NULL,'2025-12-09 15:17:35'),(327,'10.36.33.181',1,NULL,'2025-12-09 15:17:35'),(328,'10.36.33.182',1,NULL,'2025-12-09 15:17:35'),(329,'10.36.33.183',1,NULL,'2025-12-09 15:17:35'),(330,'10.36.33.184',1,NULL,'2025-12-09 15:17:35'),(331,'10.36.33.185',1,NULL,'2025-12-09 15:17:35'),(332,'10.36.33.186',1,NULL,'2025-12-09 15:17:35'),(333,'10.36.33.187',1,NULL,'2025-12-09 15:17:35'),(334,'10.36.33.188',1,NULL,'2025-12-09 15:17:35'),(335,'10.36.33.189',1,NULL,'2025-12-09 15:17:35'),(336,'10.36.33.190',1,NULL,'2025-12-09 15:17:35'),(337,'10.36.33.191',1,NULL,'2025-12-09 15:17:35'),(338,'10.36.33.192',1,NULL,'2025-12-09 15:17:35'),(339,'10.36.33.193',1,NULL,'2025-12-09 15:17:35'),(340,'10.36.33.194',1,NULL,'2025-12-09 15:17:35'),(341,'10.36.33.195',1,NULL,'2025-12-09 15:17:35'),(342,'10.36.33.196',1,NULL,'2025-12-09 15:17:35'),(343,'10.36.33.197',1,NULL,'2025-12-09 15:17:35'),(344,'10.36.33.198',1,NULL,'2025-12-09 15:17:35'),(345,'10.36.33.199',1,NULL,'2025-12-09 15:17:35'),(346,'10.36.33.200',1,NULL,'2025-12-09 15:17:35'),(347,'10.36.33.201',1,NULL,'2025-12-09 15:17:35'),(348,'10.36.33.202',1,NULL,'2025-12-09 15:17:35'),(349,'10.36.33.203',1,NULL,'2025-12-09 15:17:35'),(350,'10.36.33.204',1,NULL,'2025-12-09 15:17:35'),(351,'10.36.33.205',1,NULL,'2025-12-09 15:17:35'),(352,'10.36.33.206',1,NULL,'2025-12-09 15:17:35'),(353,'10.36.33.207',1,NULL,'2025-12-09 15:17:35'),(354,'10.36.33.208',1,NULL,'2025-12-09 15:17:35'),(355,'10.36.33.209',1,NULL,'2025-12-09 15:17:35'),(356,'10.36.33.210',1,NULL,'2025-12-09 15:17:35'),(357,'10.36.33.211',1,NULL,'2025-12-09 15:17:35'),(358,'10.36.33.212',1,NULL,'2025-12-09 15:17:35'),(359,'10.36.33.213',1,NULL,'2025-12-09 15:17:35'),(360,'10.36.33.214',1,NULL,'2025-12-09 15:17:35'),(361,'10.36.33.215',1,NULL,'2025-12-09 15:17:35'),(362,'10.36.33.216',1,NULL,'2025-12-09 15:17:35'),(363,'10.36.33.217',1,NULL,'2025-12-09 15:17:35'),(364,'10.36.33.218',1,NULL,'2025-12-09 15:17:35'),(365,'10.36.33.219',1,NULL,'2025-12-09 15:17:35'),(366,'10.36.33.220',1,NULL,'2025-12-09 15:17:35'),(367,'10.36.33.221',1,NULL,'2025-12-09 15:17:35'),(368,'10.36.33.222',1,NULL,'2025-12-09 15:17:35'),(369,'10.36.33.223',1,NULL,'2025-12-09 15:17:35'),(370,'10.36.33.224',1,NULL,'2025-12-09 15:17:35'),(371,'10.36.33.225',1,NULL,'2025-12-09 15:17:35'),(372,'10.36.33.226',1,NULL,'2025-12-09 15:17:35'),(373,'10.36.33.227',1,NULL,'2025-12-09 15:17:35'),(374,'10.36.33.228',1,NULL,'2025-12-09 15:17:35'),(375,'10.36.33.229',1,NULL,'2025-12-09 15:17:35'),(376,'10.36.33.230',1,NULL,'2025-12-09 15:17:35'),(377,'10.36.33.231',1,NULL,'2025-12-09 15:17:35'),(378,'10.36.33.232',1,NULL,'2025-12-09 15:17:35'),(379,'10.36.33.233',1,NULL,'2025-12-09 15:17:35'),(380,'10.36.33.234',1,NULL,'2025-12-09 15:17:35'),(381,'10.36.33.235',1,NULL,'2025-12-09 15:17:35'),(382,'10.36.33.236',1,NULL,'2025-12-09 15:17:35'),(383,'10.36.33.237',1,NULL,'2025-12-09 15:17:35'),(384,'10.36.33.238',1,NULL,'2025-12-09 15:17:35'),(385,'10.36.33.239',1,NULL,'2025-12-09 15:17:35'),(386,'10.36.33.240',1,NULL,'2025-12-09 15:17:35'),(387,'10.36.33.241',1,NULL,'2025-12-09 15:17:35'),(388,'10.36.33.242',1,NULL,'2025-12-09 15:17:35'),(389,'10.36.33.243',1,NULL,'2025-12-09 15:17:35'),(390,'10.36.33.244',1,NULL,'2025-12-09 15:17:35'),(391,'10.36.33.245',1,NULL,'2025-12-09 15:17:35'),(392,'10.36.33.246',1,NULL,'2025-12-09 15:17:35'),(393,'10.36.33.247',1,NULL,'2025-12-09 15:17:35'),(394,'10.36.33.248',1,NULL,'2025-12-09 15:17:35'),(395,'10.36.33.249',1,NULL,'2025-12-09 15:17:35'),(396,'10.36.33.250',1,NULL,'2025-12-09 15:17:35'),(397,'10.36.33.251',1,NULL,'2025-12-09 15:17:35'),(398,'10.36.33.252',1,NULL,'2025-12-09 15:17:35'),(399,'10.36.33.253',1,NULL,'2025-12-09 15:17:35'),(400,'10.36.33.254',1,NULL,'2025-12-09 15:17:35'),(401,'10.36.33.255',1,NULL,'2025-12-09 15:17:35'),(402,'10.36.34.1',1,NULL,'2025-12-09 15:17:35'),(403,'10.36.34.2',1,NULL,'2025-12-09 15:17:35'),(404,'10.36.34.3',1,NULL,'2025-12-09 15:17:35'),(405,'10.36.34.4',1,NULL,'2025-12-09 15:17:35'),(406,'10.36.34.5',1,NULL,'2025-12-09 15:17:35'),(407,'10.36.34.6',1,NULL,'2025-12-09 15:17:35'),(408,'10.36.34.7',1,NULL,'2025-12-09 15:17:35'),(409,'10.36.34.8',1,NULL,'2025-12-09 15:17:35'),(410,'10.36.34.9',1,NULL,'2025-12-09 15:17:35'),(411,'10.36.34.10',1,NULL,'2025-12-09 15:17:35'),(412,'10.36.34.11',1,NULL,'2025-12-09 15:17:35'),(413,'10.36.34.12',1,NULL,'2025-12-09 15:17:35'),(414,'10.36.34.13',1,NULL,'2025-12-09 15:17:35'),(415,'10.36.34.14',1,NULL,'2025-12-09 15:17:35'),(416,'10.36.34.15',1,NULL,'2025-12-09 15:17:35'),(417,'10.36.34.16',1,NULL,'2025-12-09 15:17:35'),(418,'10.36.34.17',1,NULL,'2025-12-09 15:17:35'),(419,'10.36.34.18',1,NULL,'2025-12-09 15:17:35'),(420,'10.36.34.19',1,NULL,'2025-12-09 15:17:35'),(421,'10.36.34.20',1,NULL,'2025-12-09 15:17:35'),(422,'10.36.34.21',1,NULL,'2025-12-09 15:17:35'),(423,'10.36.34.22',1,NULL,'2025-12-09 15:17:35'),(424,'10.36.34.23',1,NULL,'2025-12-09 15:17:35'),(425,'10.36.34.24',1,NULL,'2025-12-09 15:17:35'),(426,'10.36.34.25',1,NULL,'2025-12-09 15:17:35'),(427,'10.36.34.26',1,NULL,'2025-12-09 15:17:35'),(428,'10.36.34.27',1,NULL,'2025-12-09 15:17:35'),(429,'10.36.34.28',1,NULL,'2025-12-09 15:17:35'),(430,'10.36.34.29',1,NULL,'2025-12-09 15:17:35'),(431,'10.36.34.30',1,NULL,'2025-12-09 15:17:35'),(432,'10.36.34.31',1,NULL,'2025-12-09 15:17:35'),(433,'10.36.34.32',1,NULL,'2025-12-09 15:17:35'),(434,'10.36.34.33',1,NULL,'2025-12-09 15:17:35'),(435,'10.36.34.34',1,NULL,'2025-12-09 15:17:35'),(436,'10.36.34.35',1,NULL,'2025-12-09 15:17:35'),(437,'10.36.34.36',1,NULL,'2025-12-09 15:17:35'),(438,'10.36.34.37',1,NULL,'2025-12-09 15:17:35'),(439,'10.36.34.38',1,NULL,'2025-12-09 15:17:35'),(440,'10.36.34.39',1,NULL,'2025-12-09 15:17:35'),(441,'10.36.34.40',1,NULL,'2025-12-09 15:17:35'),(442,'10.36.34.41',1,NULL,'2025-12-09 15:17:35'),(443,'10.36.34.42',1,NULL,'2025-12-09 15:17:35'),(444,'10.36.34.43',1,NULL,'2025-12-09 15:17:35'),(445,'10.36.34.44',1,NULL,'2025-12-09 15:17:35'),(446,'10.36.34.45',1,NULL,'2025-12-09 15:17:35'),(447,'10.36.34.46',1,NULL,'2025-12-09 15:17:35'),(448,'10.36.34.47',1,NULL,'2025-12-09 15:17:35'),(449,'10.36.34.48',1,NULL,'2025-12-09 15:17:35'),(450,'10.36.34.49',1,NULL,'2025-12-09 15:17:35'),(451,'10.36.34.50',1,NULL,'2025-12-09 15:17:35'),(452,'10.36.34.51',1,NULL,'2025-12-09 15:17:35'),(453,'10.36.34.52',1,NULL,'2025-12-09 15:17:35'),(454,'10.36.34.53',1,NULL,'2025-12-09 15:17:35'),(455,'10.36.34.54',1,NULL,'2025-12-09 15:17:35'),(456,'10.36.34.55',1,NULL,'2025-12-09 15:17:35'),(457,'10.36.34.56',1,NULL,'2025-12-09 15:17:35'),(458,'10.36.34.57',1,NULL,'2025-12-09 15:17:35'),(459,'10.36.34.58',1,NULL,'2025-12-09 15:17:35'),(460,'10.36.34.59',1,NULL,'2025-12-09 15:17:35'),(461,'10.36.34.60',1,NULL,'2025-12-09 15:17:35'),(462,'10.36.34.61',1,NULL,'2025-12-09 15:17:35'),(463,'10.36.34.62',1,NULL,'2025-12-09 15:17:35'),(464,'10.36.34.63',1,NULL,'2025-12-09 15:17:35'),(465,'10.36.34.64',1,NULL,'2025-12-09 15:17:35'),(466,'10.36.34.65',1,NULL,'2025-12-09 15:17:35'),(467,'10.36.34.66',1,NULL,'2025-12-09 15:17:35'),(468,'10.36.34.67',1,NULL,'2025-12-09 15:17:35'),(469,'10.36.34.68',1,NULL,'2025-12-09 15:17:35'),(470,'10.36.34.69',1,NULL,'2025-12-09 15:17:35'),(471,'10.36.34.70',1,NULL,'2025-12-09 15:17:35'),(472,'10.36.34.71',1,NULL,'2025-12-09 15:17:35'),(473,'10.36.34.72',1,NULL,'2025-12-09 15:17:35'),(474,'10.36.34.73',1,NULL,'2025-12-09 15:17:35'),(475,'10.36.34.74',1,NULL,'2025-12-09 15:17:35'),(476,'10.36.34.75',1,NULL,'2025-12-09 15:17:35'),(477,'10.36.34.76',1,NULL,'2025-12-09 15:17:35'),(478,'10.36.34.77',1,NULL,'2025-12-09 15:17:35'),(479,'10.36.34.78',1,NULL,'2025-12-09 15:17:35'),(480,'10.36.34.79',1,NULL,'2025-12-09 15:17:35'),(481,'10.36.34.80',1,NULL,'2025-12-09 15:17:35'),(482,'10.36.34.81',1,NULL,'2025-12-09 15:17:35'),(483,'10.36.34.82',1,NULL,'2025-12-09 15:17:35'),(484,'10.36.34.83',1,NULL,'2025-12-09 15:17:35'),(485,'10.36.34.84',1,NULL,'2025-12-09 15:17:35'),(486,'10.36.34.85',1,NULL,'2025-12-09 15:17:35'),(487,'10.36.34.86',1,NULL,'2025-12-09 15:17:35'),(488,'10.36.34.87',1,NULL,'2025-12-09 15:17:35'),(489,'10.36.34.88',1,NULL,'2025-12-09 15:17:35'),(490,'10.36.34.89',1,NULL,'2025-12-09 15:17:35'),(491,'10.36.34.90',1,NULL,'2025-12-09 15:17:35'),(492,'10.36.34.91',1,NULL,'2025-12-09 15:17:35'),(493,'10.36.34.92',1,NULL,'2025-12-09 15:17:35'),(494,'10.36.34.93',1,NULL,'2025-12-09 15:17:35'),(495,'10.36.34.94',1,NULL,'2025-12-09 15:17:35'),(496,'10.36.34.95',1,NULL,'2025-12-09 15:17:35'),(497,'10.36.34.96',1,NULL,'2025-12-09 15:17:35'),(498,'10.36.34.97',1,NULL,'2025-12-09 15:17:35'),(499,'10.36.34.98',1,NULL,'2025-12-09 15:17:35'),(500,'10.36.34.99',1,NULL,'2025-12-09 15:17:35'),(501,'10.36.34.100',1,NULL,'2025-12-09 15:17:35'),(502,'10.36.34.101',1,NULL,'2025-12-09 15:17:35'),(503,'10.36.34.102',1,NULL,'2025-12-09 15:17:35'),(504,'10.36.34.103',1,NULL,'2025-12-09 15:17:35'),(505,'10.36.34.104',1,NULL,'2025-12-09 15:17:35'),(506,'10.36.34.105',1,NULL,'2025-12-09 15:17:35'),(507,'10.36.34.106',1,NULL,'2025-12-09 15:17:35'),(508,'10.36.34.107',1,NULL,'2025-12-09 15:17:35'),(509,'10.36.34.108',1,NULL,'2025-12-09 15:17:35'),(510,'10.36.34.109',1,NULL,'2025-12-09 15:17:35'),(511,'10.36.34.110',1,NULL,'2025-12-09 15:17:35'),(512,'10.36.34.111',1,NULL,'2025-12-09 15:17:35'),(513,'10.36.34.112',1,NULL,'2025-12-09 15:17:35'),(514,'10.36.34.113',1,NULL,'2025-12-09 15:17:35'),(515,'10.36.34.114',1,NULL,'2025-12-09 15:17:35'),(516,'10.36.34.115',1,NULL,'2025-12-09 15:17:35'),(517,'10.36.34.116',1,NULL,'2025-12-09 15:17:35'),(518,'10.36.34.117',1,NULL,'2025-12-09 15:17:35'),(519,'10.36.34.118',1,NULL,'2025-12-09 15:17:35'),(520,'10.36.34.119',1,NULL,'2025-12-09 15:17:35'),(521,'10.36.34.120',1,NULL,'2025-12-09 15:17:35'),(522,'10.36.34.121',1,NULL,'2025-12-09 15:17:35'),(523,'10.36.34.122',1,NULL,'2025-12-09 15:17:35'),(524,'10.36.34.123',1,NULL,'2025-12-09 15:17:35'),(525,'10.36.34.124',1,NULL,'2025-12-09 15:17:35'),(526,'10.36.34.125',1,NULL,'2025-12-09 15:17:35'),(527,'10.36.34.126',1,NULL,'2025-12-09 15:17:35'),(528,'10.36.34.127',1,NULL,'2025-12-09 15:17:35'),(529,'10.36.34.128',1,NULL,'2025-12-09 15:17:35'),(530,'10.36.34.129',1,NULL,'2025-12-09 15:17:35'),(531,'10.36.34.130',1,NULL,'2025-12-09 15:17:35'),(532,'10.36.34.131',1,NULL,'2025-12-09 15:17:35'),(533,'10.36.34.132',1,NULL,'2025-12-09 15:17:35'),(534,'10.36.34.133',1,NULL,'2025-12-09 15:17:35'),(535,'10.36.34.134',1,NULL,'2025-12-09 15:17:35'),(536,'10.36.34.135',1,NULL,'2025-12-09 15:17:35'),(537,'10.36.34.136',1,NULL,'2025-12-09 15:17:35'),(538,'10.36.34.137',1,NULL,'2025-12-09 15:17:35'),(539,'10.36.34.138',1,NULL,'2025-12-09 15:17:35'),(540,'10.36.34.139',1,NULL,'2025-12-09 15:17:35'),(541,'10.36.34.140',1,NULL,'2025-12-09 15:17:35'),(542,'10.36.34.141',1,NULL,'2025-12-09 15:17:35'),(543,'10.36.34.142',1,NULL,'2025-12-09 15:17:35'),(544,'10.36.34.143',1,NULL,'2025-12-09 15:17:35'),(545,'10.36.34.144',1,NULL,'2025-12-09 15:17:35'),(546,'10.36.34.145',1,NULL,'2025-12-09 15:17:35'),(547,'10.36.34.146',1,NULL,'2025-12-09 15:17:35'),(548,'10.36.34.147',1,NULL,'2025-12-09 15:17:35'),(549,'10.36.34.148',1,NULL,'2025-12-09 15:17:35'),(550,'10.36.34.149',1,NULL,'2025-12-09 15:17:35'),(551,'10.36.34.150',1,NULL,'2025-12-09 15:17:35'),(552,'10.36.34.151',1,NULL,'2025-12-09 15:17:35'),(553,'10.36.34.152',1,NULL,'2025-12-09 15:17:35'),(554,'10.36.34.153',1,NULL,'2025-12-09 15:17:35'),(555,'10.36.34.154',1,NULL,'2025-12-09 15:17:35'),(556,'10.36.34.155',1,NULL,'2025-12-09 15:17:35'),(557,'10.36.34.156',1,NULL,'2025-12-09 15:17:35'),(558,'10.36.34.157',1,NULL,'2025-12-09 15:17:35'),(559,'10.36.34.158',1,NULL,'2025-12-09 15:17:35'),(560,'10.36.34.159',1,NULL,'2025-12-09 15:17:35'),(561,'10.36.34.160',1,NULL,'2025-12-09 15:17:35'),(562,'10.36.34.161',1,NULL,'2025-12-09 15:17:35'),(563,'10.36.34.162',1,NULL,'2025-12-09 15:17:35'),(564,'10.36.34.163',1,NULL,'2025-12-09 15:17:35'),(565,'10.36.34.164',1,NULL,'2025-12-09 15:17:35'),(566,'10.36.34.165',1,NULL,'2025-12-09 15:17:35'),(567,'10.36.34.166',1,NULL,'2025-12-09 15:17:35'),(568,'10.36.34.167',1,NULL,'2025-12-09 15:17:35'),(569,'10.36.34.168',1,NULL,'2025-12-09 15:17:35'),(570,'10.36.34.169',1,NULL,'2025-12-09 15:17:35'),(571,'10.36.34.170',1,NULL,'2025-12-09 15:17:35'),(572,'10.36.34.171',1,NULL,'2025-12-09 15:17:35'),(573,'10.36.34.172',1,NULL,'2025-12-09 15:17:35'),(574,'10.36.34.173',1,NULL,'2025-12-09 15:17:35'),(575,'10.36.34.174',1,NULL,'2025-12-09 15:17:35'),(576,'10.36.34.175',1,NULL,'2025-12-09 15:17:35'),(577,'10.36.34.176',1,NULL,'2025-12-09 15:17:35'),(578,'10.36.34.177',1,NULL,'2025-12-09 15:17:35'),(579,'10.36.34.178',1,NULL,'2025-12-09 15:17:35'),(580,'10.36.34.179',1,NULL,'2025-12-09 15:17:35'),(581,'10.36.34.180',1,NULL,'2025-12-09 15:17:35'),(582,'10.36.34.181',1,NULL,'2025-12-09 15:17:35'),(583,'10.36.34.182',1,NULL,'2025-12-09 15:17:35'),(584,'10.36.34.183',1,NULL,'2025-12-09 15:17:35'),(585,'10.36.34.184',1,NULL,'2025-12-09 15:17:35'),(586,'10.36.34.185',1,NULL,'2025-12-09 15:17:35'),(587,'10.36.34.186',1,NULL,'2025-12-09 15:17:35'),(588,'10.36.34.187',1,NULL,'2025-12-09 15:17:35'),(589,'10.36.34.188',1,NULL,'2025-12-09 15:17:35'),(590,'10.36.34.189',1,NULL,'2025-12-09 15:17:35'),(591,'10.36.34.190',1,NULL,'2025-12-09 15:17:35'),(592,'10.36.34.191',1,NULL,'2025-12-09 15:17:35'),(593,'10.36.34.192',1,NULL,'2025-12-09 15:17:35'),(594,'10.36.34.193',1,NULL,'2025-12-09 15:17:35'),(595,'10.36.34.194',1,NULL,'2025-12-09 15:17:35'),(596,'10.36.34.195',1,NULL,'2025-12-09 15:17:35'),(597,'10.36.34.196',1,NULL,'2025-12-09 15:17:35'),(598,'10.36.34.197',1,NULL,'2025-12-09 15:17:35'),(599,'10.36.34.198',1,NULL,'2025-12-09 15:17:35'),(600,'10.36.34.199',1,NULL,'2025-12-09 15:17:35'),(601,'10.36.34.200',1,NULL,'2025-12-09 15:17:35'),(602,'10.36.34.201',1,NULL,'2025-12-09 15:17:35'),(603,'10.36.34.202',1,NULL,'2025-12-09 15:17:35'),(604,'10.36.34.203',1,NULL,'2025-12-09 15:17:35'),(605,'10.36.34.204',1,NULL,'2025-12-09 15:17:35'),(606,'10.36.34.205',1,NULL,'2025-12-09 15:17:35'),(607,'10.36.34.206',1,NULL,'2025-12-09 15:17:35'),(608,'10.36.34.207',1,NULL,'2025-12-09 15:17:35'),(609,'10.36.34.208',1,NULL,'2025-12-09 15:17:35'),(610,'10.36.34.209',1,NULL,'2025-12-09 15:17:35'),(611,'10.36.34.210',1,NULL,'2025-12-09 15:17:35'),(612,'10.36.34.211',1,NULL,'2025-12-09 15:17:35'),(613,'10.36.34.212',1,NULL,'2025-12-09 15:17:35'),(614,'10.36.34.213',1,NULL,'2025-12-09 15:17:35'),(615,'10.36.34.214',1,NULL,'2025-12-09 15:17:35'),(616,'10.36.34.215',1,NULL,'2025-12-09 15:17:35'),(617,'10.36.34.216',1,NULL,'2025-12-09 15:17:35'),(618,'10.36.34.217',1,NULL,'2025-12-09 15:17:35'),(619,'10.36.34.218',1,NULL,'2025-12-09 15:17:35'),(620,'10.36.34.219',1,NULL,'2025-12-09 15:17:35'),(621,'10.36.34.220',1,NULL,'2025-12-09 15:17:35'),(622,'10.36.34.221',1,NULL,'2025-12-09 15:17:35'),(623,'10.36.34.222',1,NULL,'2025-12-09 15:17:35'),(624,'10.36.34.223',1,NULL,'2025-12-09 15:17:35'),(625,'10.36.34.224',1,NULL,'2025-12-09 15:17:35'),(626,'10.36.34.225',1,NULL,'2025-12-09 15:17:35'),(627,'10.36.34.226',1,NULL,'2025-12-09 15:17:35'),(628,'10.36.34.227',1,NULL,'2025-12-09 15:17:35'),(629,'10.36.34.228',1,NULL,'2025-12-09 15:17:35'),(630,'10.36.34.229',1,NULL,'2025-12-09 15:17:35'),(631,'10.36.34.230',1,NULL,'2025-12-09 15:17:35'),(632,'10.36.34.231',1,NULL,'2025-12-09 15:17:35'),(633,'10.36.34.232',0,NULL,'2025-12-09 15:17:35'),(634,'10.36.34.233',0,NULL,'2025-12-09 15:17:35'),(635,'10.36.34.234',0,NULL,'2025-12-09 15:17:35'),(636,'10.36.34.235',0,NULL,'2025-12-09 15:17:35'),(637,'10.36.34.236',0,NULL,'2025-12-09 15:17:35'),(638,'10.36.34.237',0,NULL,'2025-12-09 15:17:35'),(639,'10.36.34.238',0,NULL,'2025-12-09 15:17:35'),(640,'10.36.34.239',0,NULL,'2025-12-09 15:17:35'),(641,'10.36.34.240',0,NULL,'2025-12-09 15:17:35'),(642,'10.36.34.241',0,NULL,'2025-12-09 15:17:35'),(643,'10.36.34.242',0,NULL,'2025-12-09 15:17:35'),(644,'10.36.34.243',0,NULL,'2025-12-09 15:17:35'),(645,'10.36.34.244',0,NULL,'2025-12-09 15:17:35'),(646,'10.36.34.245',0,NULL,'2025-12-09 15:17:35'),(647,'10.36.34.246',0,NULL,'2025-12-09 15:17:35'),(648,'10.36.34.247',0,NULL,'2025-12-09 15:17:35'),(649,'10.36.34.248',0,NULL,'2025-12-09 15:17:35'),(650,'10.36.34.249',0,NULL,'2025-12-09 15:17:35'),(651,'10.36.34.250',0,NULL,'2025-12-09 15:17:35'),(652,'10.36.34.251',0,NULL,'2025-12-09 15:17:35'),(653,'10.36.34.252',0,NULL,'2025-12-09 15:17:35'),(654,'10.36.34.253',0,NULL,'2025-12-09 15:17:35'),(655,'10.36.34.254',0,NULL,'2025-12-09 15:17:35'),(656,'10.36.34.255',0,NULL,'2025-12-09 15:17:35'),(657,'10.36.35.1',0,NULL,'2025-12-09 15:17:35'),(658,'10.36.35.2',0,NULL,'2025-12-09 15:17:35'),(659,'10.36.35.3',0,NULL,'2025-12-09 15:17:35'),(660,'10.36.35.4',0,NULL,'2025-12-09 15:17:35'),(661,'10.36.35.5',0,NULL,'2025-12-09 15:17:35'),(662,'10.36.35.6',0,NULL,'2025-12-09 15:17:35'),(663,'10.36.35.7',0,NULL,'2025-12-09 15:17:35'),(664,'10.36.35.8',0,NULL,'2025-12-09 15:17:35'),(665,'10.36.35.9',0,NULL,'2025-12-09 15:17:35'),(666,'10.36.35.10',0,NULL,'2025-12-09 15:17:35'),(667,'10.36.35.11',0,NULL,'2025-12-09 15:17:35'),(668,'10.36.35.12',0,NULL,'2025-12-09 15:17:35'),(669,'10.36.35.13',0,NULL,'2025-12-09 15:17:35'),(670,'10.36.35.14',0,NULL,'2025-12-09 15:17:35'),(671,'10.36.35.15',0,NULL,'2025-12-09 15:17:35'),(672,'10.36.35.16',0,NULL,'2025-12-09 15:17:35'),(673,'10.36.35.17',0,NULL,'2025-12-09 15:17:35'),(674,'10.36.35.18',0,NULL,'2025-12-09 15:17:35'),(675,'10.36.35.19',0,NULL,'2025-12-09 15:17:35'),(676,'10.36.35.20',0,NULL,'2025-12-09 15:17:35'),(677,'10.36.35.21',0,NULL,'2025-12-09 15:17:35'),(678,'10.36.35.22',0,NULL,'2025-12-09 15:17:35'),(679,'10.36.35.23',0,NULL,'2025-12-09 15:17:35'),(680,'10.36.35.24',0,NULL,'2025-12-09 15:17:35'),(681,'10.36.35.25',0,NULL,'2025-12-09 15:17:35'),(682,'10.36.35.26',0,NULL,'2025-12-09 15:17:35'),(683,'10.36.35.27',0,NULL,'2025-12-09 15:17:35'),(684,'10.36.35.28',0,NULL,'2025-12-09 15:17:35'),(685,'10.36.35.29',0,NULL,'2025-12-09 15:17:35'),(686,'10.36.35.30',0,NULL,'2025-12-09 15:17:35'),(687,'10.36.35.31',0,NULL,'2025-12-09 15:17:35'),(688,'10.36.35.32',0,NULL,'2025-12-09 15:17:35'),(689,'10.36.35.33',0,NULL,'2025-12-09 15:17:35'),(690,'10.36.35.34',0,NULL,'2025-12-09 15:17:35'),(691,'10.36.35.35',0,NULL,'2025-12-09 15:17:35'),(692,'10.36.35.36',0,NULL,'2025-12-09 15:17:35'),(693,'10.36.35.37',0,NULL,'2025-12-09 15:17:35'),(694,'10.36.35.38',0,NULL,'2025-12-09 15:17:35'),(695,'10.36.35.39',0,NULL,'2025-12-09 15:17:35'),(696,'10.36.35.40',0,NULL,'2025-12-09 15:17:35'),(697,'10.36.35.41',0,NULL,'2025-12-09 15:17:35'),(698,'10.36.35.42',0,NULL,'2025-12-09 15:17:35'),(699,'10.36.35.43',0,NULL,'2025-12-09 15:17:35'),(700,'10.36.35.44',0,NULL,'2025-12-09 15:17:35'),(701,'10.36.35.45',0,NULL,'2025-12-09 15:17:35'),(702,'10.36.35.46',0,NULL,'2025-12-09 15:17:35'),(703,'10.36.35.47',0,NULL,'2025-12-09 15:17:35'),(704,'10.36.35.48',0,NULL,'2025-12-09 15:17:35'),(705,'10.36.35.49',0,NULL,'2025-12-09 15:17:35'),(706,'10.36.35.50',0,NULL,'2025-12-09 15:17:35'),(707,'10.36.35.51',0,NULL,'2025-12-09 15:17:35'),(708,'10.36.35.52',0,NULL,'2025-12-09 15:17:35'),(709,'10.36.35.53',0,NULL,'2025-12-09 15:17:35'),(710,'10.36.35.54',0,NULL,'2025-12-09 15:17:35'),(711,'10.36.35.55',0,NULL,'2025-12-09 15:17:35'),(712,'10.36.35.56',0,NULL,'2025-12-09 15:17:35'),(713,'10.36.35.57',0,NULL,'2025-12-09 15:17:35'),(714,'10.36.35.58',0,NULL,'2025-12-09 15:17:35'),(715,'10.36.35.59',0,NULL,'2025-12-09 15:17:35'),(716,'10.36.35.60',0,NULL,'2025-12-09 15:17:35'),(717,'10.36.35.61',0,NULL,'2025-12-09 15:17:35'),(718,'10.36.35.62',0,NULL,'2025-12-09 15:17:35'),(719,'10.36.35.63',0,NULL,'2025-12-09 15:17:35'),(720,'10.36.35.64',0,NULL,'2025-12-09 15:17:35'),(721,'10.36.35.65',0,NULL,'2025-12-09 15:17:35'),(722,'10.36.35.66',0,NULL,'2025-12-09 15:17:35'),(723,'10.36.35.67',0,NULL,'2025-12-09 15:17:35'),(724,'10.36.35.68',0,NULL,'2025-12-09 15:17:35'),(725,'10.36.35.69',0,NULL,'2025-12-09 15:17:35'),(726,'10.36.35.70',0,NULL,'2025-12-09 15:17:35'),(727,'10.36.35.71',0,NULL,'2025-12-09 15:17:35'),(728,'10.36.35.72',0,NULL,'2025-12-09 15:17:35'),(729,'10.36.35.73',0,NULL,'2025-12-09 15:17:35'),(730,'10.36.35.74',0,NULL,'2025-12-09 15:17:35'),(731,'10.36.35.75',0,NULL,'2025-12-09 15:17:35'),(732,'10.36.35.76',0,NULL,'2025-12-09 15:17:35'),(733,'10.36.35.77',0,NULL,'2025-12-09 15:17:35'),(734,'10.36.35.78',0,NULL,'2025-12-09 15:17:35'),(735,'10.36.35.79',0,NULL,'2025-12-09 15:17:35'),(736,'10.36.35.80',0,NULL,'2025-12-09 15:17:35'),(737,'10.36.35.81',0,NULL,'2025-12-09 15:17:35'),(738,'10.36.35.82',0,NULL,'2025-12-09 15:17:35'),(739,'10.36.35.83',0,NULL,'2025-12-09 15:17:35'),(740,'10.36.35.84',0,NULL,'2025-12-09 15:17:35'),(741,'10.36.35.85',0,NULL,'2025-12-09 15:17:35'),(742,'10.36.35.86',0,NULL,'2025-12-09 15:17:35'),(743,'10.36.35.87',0,NULL,'2025-12-09 15:17:35'),(744,'10.36.35.88',0,NULL,'2025-12-09 15:17:35'),(745,'10.36.35.89',0,NULL,'2025-12-09 15:17:35'),(746,'10.36.35.90',0,NULL,'2025-12-09 15:17:35'),(747,'10.36.35.91',0,NULL,'2025-12-09 15:17:35'),(748,'10.36.35.92',0,NULL,'2025-12-09 15:17:35'),(749,'10.36.35.93',0,NULL,'2025-12-09 15:17:35'),(750,'10.36.35.94',0,NULL,'2025-12-09 15:17:35'),(751,'10.36.35.95',0,NULL,'2025-12-09 15:17:35'),(752,'10.36.35.96',0,NULL,'2025-12-09 15:17:35'),(753,'10.36.35.97',0,NULL,'2025-12-09 15:17:35'),(754,'10.36.35.98',0,NULL,'2025-12-09 15:17:35'),(755,'10.36.35.99',0,NULL,'2025-12-09 15:17:35'),(756,'10.36.35.100',0,NULL,'2025-12-09 15:17:35'),(757,'10.36.35.101',0,NULL,'2025-12-09 15:17:35'),(758,'10.36.35.102',0,NULL,'2025-12-09 15:17:35'),(759,'10.36.35.103',0,NULL,'2025-12-09 15:17:35'),(760,'10.36.35.104',0,NULL,'2025-12-09 15:17:35'),(761,'10.36.35.105',0,NULL,'2025-12-09 15:17:35'),(762,'10.36.35.106',0,NULL,'2025-12-09 15:17:35'),(763,'10.36.35.107',0,NULL,'2025-12-09 15:17:35'),(764,'10.36.35.108',0,NULL,'2025-12-09 15:17:35'),(765,'10.36.35.109',0,NULL,'2025-12-09 15:17:35'),(766,'10.36.35.110',0,NULL,'2025-12-09 15:17:35'),(767,'10.36.35.111',0,NULL,'2025-12-09 15:17:35'),(768,'10.36.35.112',0,NULL,'2025-12-09 15:17:35'),(769,'10.36.35.113',0,NULL,'2025-12-09 15:17:35'),(770,'10.36.35.114',0,NULL,'2025-12-09 15:17:35'),(771,'10.36.35.115',0,NULL,'2025-12-09 15:17:35'),(772,'10.36.35.116',0,NULL,'2025-12-09 15:17:35'),(773,'10.36.35.117',0,NULL,'2025-12-09 15:17:35'),(774,'10.36.35.118',0,NULL,'2025-12-09 15:17:35'),(775,'10.36.35.119',0,NULL,'2025-12-09 15:17:35'),(776,'10.36.35.120',0,NULL,'2025-12-09 15:17:35'),(777,'10.36.35.121',0,NULL,'2025-12-09 15:17:35'),(778,'10.36.35.122',0,NULL,'2025-12-09 15:17:35'),(779,'10.36.35.123',0,NULL,'2025-12-09 15:17:35'),(780,'10.36.35.124',0,NULL,'2025-12-09 15:17:35'),(781,'10.36.35.125',0,NULL,'2025-12-09 15:17:35'),(782,'10.36.35.126',0,NULL,'2025-12-09 15:17:35'),(783,'10.36.35.127',0,NULL,'2025-12-09 15:17:35'),(784,'10.36.35.128',0,NULL,'2025-12-09 15:17:35'),(785,'10.36.35.129',0,NULL,'2025-12-09 15:17:35'),(786,'10.36.35.130',0,NULL,'2025-12-09 15:17:35'),(787,'10.36.35.131',0,NULL,'2025-12-09 15:17:35'),(788,'10.36.35.132',0,NULL,'2025-12-09 15:17:35'),(789,'10.36.35.133',0,NULL,'2025-12-09 15:17:35'),(790,'10.36.35.134',0,NULL,'2025-12-09 15:17:35'),(791,'10.36.35.135',0,NULL,'2025-12-09 15:17:35'),(792,'10.36.35.136',0,NULL,'2025-12-09 15:17:35'),(793,'10.36.35.137',0,NULL,'2025-12-09 15:17:35'),(794,'10.36.35.138',0,NULL,'2025-12-09 15:17:35'),(795,'10.36.35.139',0,NULL,'2025-12-09 15:17:35'),(796,'10.36.35.140',0,NULL,'2025-12-09 15:17:35'),(797,'10.36.35.141',0,NULL,'2025-12-09 15:17:35'),(798,'10.36.35.142',0,NULL,'2025-12-09 15:17:35'),(799,'10.36.35.143',0,NULL,'2025-12-09 15:17:35'),(800,'10.36.35.144',0,NULL,'2025-12-09 15:17:35'),(801,'10.36.35.145',0,NULL,'2025-12-09 15:17:35'),(802,'10.36.35.146',0,NULL,'2025-12-09 15:17:35'),(803,'10.36.35.147',0,NULL,'2025-12-09 15:17:35'),(804,'10.36.35.148',0,NULL,'2025-12-09 15:17:35'),(805,'10.36.35.149',0,NULL,'2025-12-09 15:17:35'),(806,'10.36.35.150',0,NULL,'2025-12-09 15:17:35'),(807,'10.36.35.151',0,NULL,'2025-12-09 15:17:35'),(808,'10.36.35.152',0,NULL,'2025-12-09 15:17:35'),(809,'10.36.35.153',0,NULL,'2025-12-09 15:17:35'),(810,'10.36.35.154',0,NULL,'2025-12-09 15:17:35'),(811,'10.36.35.155',0,NULL,'2025-12-09 15:17:35'),(812,'10.36.35.156',0,NULL,'2025-12-09 15:17:35'),(813,'10.36.35.157',0,NULL,'2025-12-09 15:17:35'),(814,'10.36.35.158',0,NULL,'2025-12-09 15:17:35'),(815,'10.36.35.159',0,NULL,'2025-12-09 15:17:35'),(816,'10.36.35.160',0,NULL,'2025-12-09 15:17:35'),(817,'10.36.35.161',0,NULL,'2025-12-09 15:17:35'),(818,'10.36.35.162',0,NULL,'2025-12-09 15:17:35'),(819,'10.36.35.163',0,NULL,'2025-12-09 15:17:35'),(820,'10.36.35.164',0,NULL,'2025-12-09 15:17:35'),(821,'10.36.35.165',0,NULL,'2025-12-09 15:17:35'),(822,'10.36.35.166',0,NULL,'2025-12-09 15:17:35'),(823,'10.36.35.167',0,NULL,'2025-12-09 15:17:35'),(824,'10.36.35.168',0,NULL,'2025-12-09 15:17:35'),(825,'10.36.35.169',0,NULL,'2025-12-09 15:17:35'),(826,'10.36.35.170',0,NULL,'2025-12-09 15:17:35'),(827,'10.36.35.171',0,NULL,'2025-12-09 15:17:35'),(828,'10.36.35.172',0,NULL,'2025-12-09 15:17:35'),(829,'10.36.35.173',0,NULL,'2025-12-09 15:17:35'),(830,'10.36.35.174',0,NULL,'2025-12-09 15:17:35'),(831,'10.36.35.175',0,NULL,'2025-12-09 15:17:35'),(832,'10.36.35.176',0,NULL,'2025-12-09 15:17:35'),(833,'10.36.35.177',0,NULL,'2025-12-09 15:17:35'),(834,'10.36.35.178',0,NULL,'2025-12-09 15:17:35'),(835,'10.36.35.179',0,NULL,'2025-12-09 15:17:35'),(836,'10.36.35.180',0,NULL,'2025-12-09 15:17:35'),(837,'10.36.35.181',0,NULL,'2025-12-09 15:17:35'),(838,'10.36.35.182',0,NULL,'2025-12-09 15:17:35'),(839,'10.36.35.183',0,NULL,'2025-12-09 15:17:35'),(840,'10.36.35.184',0,NULL,'2025-12-09 15:17:35'),(841,'10.36.35.185',0,NULL,'2025-12-09 15:17:35'),(842,'10.36.35.186',0,NULL,'2025-12-09 15:17:35'),(843,'10.36.35.187',0,NULL,'2025-12-09 15:17:35'),(844,'10.36.35.188',0,NULL,'2025-12-09 15:17:35'),(845,'10.36.35.189',0,NULL,'2025-12-09 15:17:35'),(846,'10.36.35.190',0,NULL,'2025-12-09 15:17:35'),(847,'10.36.35.191',0,NULL,'2025-12-09 15:17:35'),(848,'10.36.35.192',0,NULL,'2025-12-09 15:17:35'),(849,'10.36.35.193',0,NULL,'2025-12-09 15:17:35'),(850,'10.36.35.194',0,NULL,'2025-12-09 15:17:35'),(851,'10.36.35.195',0,NULL,'2025-12-09 15:17:35'),(852,'10.36.35.196',0,NULL,'2025-12-09 15:17:35'),(853,'10.36.35.197',0,NULL,'2025-12-09 15:17:35'),(854,'10.36.35.198',0,NULL,'2025-12-09 15:17:35'),(855,'10.36.35.199',0,NULL,'2025-12-09 15:17:35'),(856,'10.36.35.200',0,NULL,'2025-12-09 15:17:35'),(857,'10.36.35.201',0,NULL,'2025-12-09 15:17:35'),(858,'10.36.35.202',0,NULL,'2025-12-09 15:17:35'),(859,'10.36.35.203',0,NULL,'2025-12-09 15:17:35'),(860,'10.36.35.204',0,NULL,'2025-12-09 15:17:35'),(861,'10.36.35.205',0,NULL,'2025-12-09 15:17:35'),(862,'10.36.35.206',0,NULL,'2025-12-09 15:17:35'),(863,'10.36.35.207',0,NULL,'2025-12-09 15:17:35'),(864,'10.36.35.208',0,NULL,'2025-12-09 15:17:35'),(865,'10.36.35.209',0,NULL,'2025-12-09 15:17:35'),(866,'10.36.35.210',0,NULL,'2025-12-09 15:17:35'),(867,'10.36.35.211',0,NULL,'2025-12-09 15:17:35'),(868,'10.36.35.212',0,NULL,'2025-12-09 15:17:35'),(869,'10.36.35.213',0,NULL,'2025-12-09 15:17:35'),(870,'10.36.35.214',0,NULL,'2025-12-09 15:17:35'),(871,'10.36.35.215',0,NULL,'2025-12-09 15:17:35'),(872,'10.36.35.216',0,NULL,'2025-12-09 15:17:35'),(873,'10.36.35.217',0,NULL,'2025-12-09 15:17:35'),(874,'10.36.35.218',0,NULL,'2025-12-09 15:17:35'),(875,'10.36.35.219',0,NULL,'2025-12-09 15:17:35'),(876,'10.36.35.220',0,NULL,'2025-12-09 15:17:35'),(877,'10.36.35.221',0,NULL,'2025-12-09 15:17:35'),(878,'10.36.35.222',0,NULL,'2025-12-09 15:17:35'),(879,'10.36.35.223',0,NULL,'2025-12-09 15:17:35'),(880,'10.36.35.224',0,NULL,'2025-12-09 15:17:35'),(881,'10.36.35.225',0,NULL,'2025-12-09 15:17:35'),(882,'10.36.35.226',0,NULL,'2025-12-09 15:17:35'),(883,'10.36.35.227',0,NULL,'2025-12-09 15:17:35'),(884,'10.36.35.228',0,NULL,'2025-12-09 15:17:35'),(885,'10.36.35.229',0,NULL,'2025-12-09 15:17:35'),(886,'10.36.35.230',0,NULL,'2025-12-09 15:17:35'),(887,'10.36.35.231',0,NULL,'2025-12-09 15:17:35'),(888,'10.36.35.232',0,NULL,'2025-12-09 15:17:35'),(889,'10.36.35.233',0,NULL,'2025-12-09 15:17:35'),(890,'10.36.35.234',0,NULL,'2025-12-09 15:17:35'),(891,'10.36.35.235',0,NULL,'2025-12-09 15:17:35'),(892,'10.36.35.236',0,NULL,'2025-12-09 15:17:35'),(893,'10.36.35.237',0,NULL,'2025-12-09 15:17:35'),(894,'10.36.35.238',0,NULL,'2025-12-09 15:17:35'),(895,'10.36.35.239',0,NULL,'2025-12-09 15:17:35'),(896,'10.36.35.240',0,NULL,'2025-12-09 15:17:35'),(897,'10.36.35.241',0,NULL,'2025-12-09 15:17:35'),(898,'10.36.35.242',0,NULL,'2025-12-09 15:17:35'),(899,'10.36.35.243',0,NULL,'2025-12-09 15:17:35'),(900,'10.36.35.244',0,NULL,'2025-12-09 15:17:35'),(901,'10.36.35.245',0,NULL,'2025-12-09 15:17:35'),(902,'10.36.35.246',0,NULL,'2025-12-09 15:17:35'),(903,'10.36.35.247',0,NULL,'2025-12-09 15:17:35'),(904,'10.36.35.248',0,NULL,'2025-12-09 15:17:35'),(905,'10.36.35.249',0,NULL,'2025-12-09 15:17:35'),(906,'10.36.35.250',0,NULL,'2025-12-09 15:17:35'),(907,'10.36.35.251',0,NULL,'2025-12-09 15:17:35'),(908,'10.36.35.252',0,NULL,'2025-12-09 15:17:35'),(909,'10.36.35.253',0,NULL,'2025-12-09 15:17:35'),(910,'10.36.35.254',0,NULL,'2025-12-09 15:17:35'),(911,'10.36.35.255',0,NULL,'2025-12-09 15:17:35'),(912,'10.36.36.1',0,NULL,'2025-12-09 15:17:35'),(913,'10.36.36.2',0,NULL,'2025-12-09 15:17:35'),(914,'10.36.36.3',0,NULL,'2025-12-09 15:17:35'),(915,'10.36.36.4',0,NULL,'2025-12-09 15:17:35'),(916,'10.36.36.5',0,NULL,'2025-12-09 15:17:35'),(917,'10.36.36.6',0,NULL,'2025-12-09 15:17:35'),(918,'10.36.36.7',0,NULL,'2025-12-09 15:17:35'),(919,'10.36.36.8',0,NULL,'2025-12-09 15:17:35'),(920,'10.36.36.9',0,NULL,'2025-12-09 15:17:35'),(921,'10.36.36.10',0,NULL,'2025-12-09 15:17:35'),(922,'10.36.36.11',0,NULL,'2025-12-09 15:17:35'),(923,'10.36.36.12',0,NULL,'2025-12-09 15:17:35'),(924,'10.36.36.13',0,NULL,'2025-12-09 15:17:35'),(925,'10.36.36.14',0,NULL,'2025-12-09 15:17:35'),(926,'10.36.36.15',0,NULL,'2025-12-09 15:17:35'),(927,'10.36.36.16',0,NULL,'2025-12-09 15:17:35'),(928,'10.36.36.17',0,NULL,'2025-12-09 15:17:35'),(929,'10.36.36.18',0,NULL,'2025-12-09 15:17:35'),(930,'10.36.36.19',0,NULL,'2025-12-09 15:17:35'),(931,'10.36.36.20',0,NULL,'2025-12-09 15:17:35'),(932,'10.36.36.21',0,NULL,'2025-12-09 15:17:35'),(933,'10.36.36.22',0,NULL,'2025-12-09 15:17:35'),(934,'10.36.36.23',0,NULL,'2025-12-09 15:17:35'),(935,'10.36.36.24',0,NULL,'2025-12-09 15:17:35'),(936,'10.36.36.25',0,NULL,'2025-12-09 15:17:35'),(937,'10.36.36.26',0,NULL,'2025-12-09 15:17:35'),(938,'10.36.36.27',0,NULL,'2025-12-09 15:17:35'),(939,'10.36.36.28',0,NULL,'2025-12-09 15:17:35'),(940,'10.36.36.29',0,NULL,'2025-12-09 15:17:35'),(941,'10.36.36.30',0,NULL,'2025-12-09 15:17:35'),(942,'10.36.36.31',0,NULL,'2025-12-09 15:17:35'),(943,'10.36.36.32',0,NULL,'2025-12-09 15:17:35'),(944,'10.36.36.33',0,NULL,'2025-12-09 15:17:35'),(945,'10.36.36.34',0,NULL,'2025-12-09 15:17:35'),(946,'10.36.36.35',0,NULL,'2025-12-09 15:17:35'),(947,'10.36.36.36',0,NULL,'2025-12-09 15:17:35'),(948,'10.36.36.37',0,NULL,'2025-12-09 15:17:35'),(949,'10.36.36.38',0,NULL,'2025-12-09 15:17:35'),(950,'10.36.36.39',0,NULL,'2025-12-09 15:17:35'),(951,'10.36.36.40',0,NULL,'2025-12-09 15:17:35'),(952,'10.36.36.41',0,NULL,'2025-12-09 15:17:35'),(953,'10.36.36.42',0,NULL,'2025-12-09 15:17:35'),(954,'10.36.36.43',0,NULL,'2025-12-09 15:17:35'),(955,'10.36.36.44',0,NULL,'2025-12-09 15:17:35'),(956,'10.36.36.45',0,NULL,'2025-12-09 15:17:35'),(957,'10.36.36.46',0,NULL,'2025-12-09 15:17:35'),(958,'10.36.36.47',0,NULL,'2025-12-09 15:17:35'),(959,'10.36.36.48',0,NULL,'2025-12-09 15:17:35'),(960,'10.36.36.49',0,NULL,'2025-12-09 15:17:35'),(961,'10.36.36.50',0,NULL,'2025-12-09 15:17:35'),(962,'10.36.36.51',0,NULL,'2025-12-09 15:17:35'),(963,'10.36.36.52',0,NULL,'2025-12-09 15:17:35'),(964,'10.36.36.53',0,NULL,'2025-12-09 15:17:35'),(965,'10.36.36.54',0,NULL,'2025-12-09 15:17:35'),(966,'10.36.36.55',0,NULL,'2025-12-09 15:17:35'),(967,'10.36.36.56',0,NULL,'2025-12-09 15:17:35'),(968,'10.36.36.57',0,NULL,'2025-12-09 15:17:35'),(969,'10.36.36.58',0,NULL,'2025-12-09 15:17:35'),(970,'10.36.36.59',0,NULL,'2025-12-09 15:17:35'),(971,'10.36.36.60',0,NULL,'2025-12-09 15:17:35'),(972,'10.36.36.61',0,NULL,'2025-12-09 15:17:35'),(973,'10.36.36.62',0,NULL,'2025-12-09 15:17:35'),(974,'10.36.36.63',0,NULL,'2025-12-09 15:17:35'),(975,'10.36.36.64',0,NULL,'2025-12-09 15:17:35'),(976,'10.36.36.65',0,NULL,'2025-12-09 15:17:35'),(977,'10.36.36.66',0,NULL,'2025-12-09 15:17:35'),(978,'10.36.36.67',0,NULL,'2025-12-09 15:17:35'),(979,'10.36.36.68',0,NULL,'2025-12-09 15:17:35'),(980,'10.36.36.69',0,NULL,'2025-12-09 15:17:35'),(981,'10.36.36.70',0,NULL,'2025-12-09 15:17:35'),(982,'10.36.36.71',0,NULL,'2025-12-09 15:17:35'),(983,'10.36.36.72',0,NULL,'2025-12-09 15:17:35'),(984,'10.36.36.73',0,NULL,'2025-12-09 15:17:35'),(985,'10.36.36.74',0,NULL,'2025-12-09 15:17:35'),(986,'10.36.36.75',0,NULL,'2025-12-09 15:17:35'),(987,'10.36.36.76',0,NULL,'2025-12-09 15:17:35'),(988,'10.36.36.77',0,NULL,'2025-12-09 15:17:35'),(989,'10.36.36.78',0,NULL,'2025-12-09 15:17:35'),(990,'10.36.36.79',0,NULL,'2025-12-09 15:17:35'),(991,'10.36.36.80',0,NULL,'2025-12-09 15:17:35'),(992,'10.36.36.81',0,NULL,'2025-12-09 15:17:35'),(993,'10.36.36.82',0,NULL,'2025-12-09 15:17:35'),(994,'10.36.36.83',0,NULL,'2025-12-09 15:17:35'),(995,'10.36.36.84',0,NULL,'2025-12-09 15:17:35'),(996,'10.36.36.85',0,NULL,'2025-12-09 15:17:35'),(997,'10.36.36.86',0,NULL,'2025-12-09 15:17:35'),(998,'10.36.36.87',0,NULL,'2025-12-09 15:17:35'),(999,'10.36.36.88',0,NULL,'2025-12-09 15:17:35'),(1000,'10.36.36.89',0,NULL,'2025-12-09 15:17:35'),(1001,'10.36.36.90',0,NULL,'2025-12-09 15:17:35'),(1002,'10.36.36.91',0,NULL,'2025-12-09 15:17:35'),(1003,'10.36.36.92',0,NULL,'2025-12-09 15:17:35'),(1004,'10.36.36.93',0,NULL,'2025-12-09 15:17:35'),(1005,'10.36.36.94',0,NULL,'2025-12-09 15:17:35'),(1006,'10.36.36.95',0,NULL,'2025-12-09 15:17:35'),(1007,'10.36.36.96',0,NULL,'2025-12-09 15:17:35'),(1008,'10.36.36.97',0,NULL,'2025-12-09 15:17:35'),(1009,'10.36.36.98',0,NULL,'2025-12-09 15:17:35'),(1010,'10.36.36.99',0,NULL,'2025-12-09 15:17:35'),(1011,'10.36.36.100',0,NULL,'2025-12-09 15:17:35'),(1012,'10.36.36.101',0,NULL,'2025-12-09 15:17:35'),(1013,'10.36.36.102',0,NULL,'2025-12-09 15:17:35'),(1014,'10.36.36.103',0,NULL,'2025-12-09 15:17:35'),(1015,'10.36.36.104',0,NULL,'2025-12-09 15:17:35'),(1016,'10.36.36.105',0,NULL,'2025-12-09 15:17:35'),(1017,'10.36.36.106',0,NULL,'2025-12-09 15:17:35'),(1018,'10.36.36.107',0,NULL,'2025-12-09 15:17:35'),(1019,'10.36.36.108',0,NULL,'2025-12-09 15:17:35'),(1020,'10.36.36.109',0,NULL,'2025-12-09 15:17:35'),(1021,'10.36.36.110',0,NULL,'2025-12-09 15:17:35'),(1022,'10.36.36.111',0,NULL,'2025-12-09 15:17:35'),(1023,'10.36.36.112',0,NULL,'2025-12-09 15:17:35'),(1024,'10.36.36.113',0,NULL,'2025-12-09 15:17:35'),(1025,'10.36.36.114',0,NULL,'2025-12-09 15:17:35'),(1026,'10.36.36.115',0,NULL,'2025-12-09 15:17:35'),(1027,'10.36.36.116',0,NULL,'2025-12-09 15:17:35'),(1028,'10.36.36.117',0,NULL,'2025-12-09 15:17:35'),(1029,'10.36.36.118',0,NULL,'2025-12-09 15:17:35'),(1030,'10.36.36.119',0,NULL,'2025-12-09 15:17:35'),(1031,'10.36.36.120',0,NULL,'2025-12-09 15:17:35'),(1032,'10.36.36.121',0,NULL,'2025-12-09 15:17:35'),(1033,'10.36.36.122',0,NULL,'2025-12-09 15:17:35'),(1034,'10.36.36.123',0,NULL,'2025-12-09 15:17:35'),(1035,'10.36.36.124',0,NULL,'2025-12-09 15:17:35'),(1036,'10.36.36.125',0,NULL,'2025-12-09 15:17:35'),(1037,'10.36.36.126',0,NULL,'2025-12-09 15:17:35'),(1038,'10.36.36.127',0,NULL,'2025-12-09 15:17:35'),(1039,'10.36.36.128',0,NULL,'2025-12-09 15:17:35'),(1040,'10.36.36.129',0,NULL,'2025-12-09 15:17:35'),(1041,'10.36.36.130',0,NULL,'2025-12-09 15:17:35'),(1042,'10.36.36.131',0,NULL,'2025-12-09 15:17:35'),(1043,'10.36.36.132',0,NULL,'2025-12-09 15:17:35'),(1044,'10.36.36.133',0,NULL,'2025-12-09 15:17:35'),(1045,'10.36.36.134',0,NULL,'2025-12-09 15:17:35'),(1046,'10.36.36.135',0,NULL,'2025-12-09 15:17:35'),(1047,'10.36.36.136',0,NULL,'2025-12-09 15:17:35'),(1048,'10.36.36.137',0,NULL,'2025-12-09 15:17:35'),(1049,'10.36.36.138',0,NULL,'2025-12-09 15:17:35'),(1050,'10.36.36.139',0,NULL,'2025-12-09 15:17:35'),(1051,'10.36.36.140',0,NULL,'2025-12-09 15:17:35'),(1052,'10.36.36.141',0,NULL,'2025-12-09 15:17:35'),(1053,'10.36.36.142',0,NULL,'2025-12-09 15:17:35'),(1054,'10.36.36.143',0,NULL,'2025-12-09 15:17:35'),(1055,'10.36.36.144',0,NULL,'2025-12-09 15:17:35'),(1056,'10.36.36.145',0,NULL,'2025-12-09 15:17:35'),(1057,'10.36.36.146',0,NULL,'2025-12-09 15:17:35'),(1058,'10.36.36.147',0,NULL,'2025-12-09 15:17:35'),(1059,'10.36.36.148',0,NULL,'2025-12-09 15:17:35'),(1060,'10.36.36.149',0,NULL,'2025-12-09 15:17:35'),(1061,'10.36.36.150',0,NULL,'2025-12-09 15:17:35'),(1062,'10.36.36.151',0,NULL,'2025-12-09 15:17:35'),(1063,'10.36.36.152',0,NULL,'2025-12-09 15:17:35'),(1064,'10.36.36.153',0,NULL,'2025-12-09 15:17:35'),(1065,'10.36.36.154',0,NULL,'2025-12-09 15:17:35'),(1066,'10.36.36.155',0,NULL,'2025-12-09 15:17:35'),(1067,'10.36.36.156',0,NULL,'2025-12-09 15:17:35'),(1068,'10.36.36.157',0,NULL,'2025-12-09 15:17:35'),(1069,'10.36.36.158',0,NULL,'2025-12-09 15:17:35'),(1070,'10.36.36.159',0,NULL,'2025-12-09 15:17:35'),(1071,'10.36.36.160',0,NULL,'2025-12-09 15:17:35'),(1072,'10.36.36.161',0,NULL,'2025-12-09 15:17:35'),(1073,'10.36.36.162',0,NULL,'2025-12-09 15:17:35'),(1074,'10.36.36.163',0,NULL,'2025-12-09 15:17:35'),(1075,'10.36.36.164',0,NULL,'2025-12-09 15:17:35'),(1076,'10.36.36.165',0,NULL,'2025-12-09 15:17:35'),(1077,'10.36.36.166',0,NULL,'2025-12-09 15:17:35'),(1078,'10.36.36.167',0,NULL,'2025-12-09 15:17:35'),(1079,'10.36.36.168',0,NULL,'2025-12-09 15:17:35'),(1080,'10.36.36.169',0,NULL,'2025-12-09 15:17:35'),(1081,'10.36.36.170',0,NULL,'2025-12-09 15:17:35'),(1082,'10.36.36.171',0,NULL,'2025-12-09 15:17:35'),(1083,'10.36.36.172',0,NULL,'2025-12-09 15:17:35'),(1084,'10.36.36.173',0,NULL,'2025-12-09 15:17:35'),(1085,'10.36.36.174',0,NULL,'2025-12-09 15:17:35'),(1086,'10.36.36.175',0,NULL,'2025-12-09 15:17:35'),(1087,'10.36.36.176',0,NULL,'2025-12-09 15:17:35'),(1088,'10.36.36.177',0,NULL,'2025-12-09 15:17:35'),(1089,'10.36.36.178',0,NULL,'2025-12-09 15:17:35'),(1090,'10.36.36.179',0,NULL,'2025-12-09 15:17:35'),(1091,'10.36.36.180',0,NULL,'2025-12-09 15:17:35'),(1092,'10.36.36.181',0,NULL,'2025-12-09 15:17:35'),(1093,'10.36.36.182',0,NULL,'2025-12-09 15:17:35'),(1094,'10.36.36.183',0,NULL,'2025-12-09 15:17:35'),(1095,'10.36.36.184',0,NULL,'2025-12-09 15:17:35'),(1096,'10.36.36.185',0,NULL,'2025-12-09 15:17:35'),(1097,'10.36.36.186',0,NULL,'2025-12-09 15:17:35'),(1098,'10.36.36.187',0,NULL,'2025-12-09 15:17:35'),(1099,'10.36.36.188',0,NULL,'2025-12-09 15:17:35'),(1100,'10.36.36.189',0,NULL,'2025-12-09 15:17:35'),(1101,'10.36.36.190',0,NULL,'2025-12-09 15:17:35'),(1102,'10.36.36.191',0,NULL,'2025-12-09 15:17:35'),(1103,'10.36.36.192',0,NULL,'2025-12-09 15:17:35'),(1104,'10.36.36.193',0,NULL,'2025-12-09 15:17:35'),(1105,'10.36.36.194',0,NULL,'2025-12-09 15:17:35'),(1106,'10.36.36.195',0,NULL,'2025-12-09 15:17:35'),(1107,'10.36.36.196',0,NULL,'2025-12-09 15:17:35'),(1108,'10.36.36.197',0,NULL,'2025-12-09 15:17:35'),(1109,'10.36.36.198',0,NULL,'2025-12-09 15:17:35'),(1110,'10.36.36.199',0,NULL,'2025-12-09 15:17:35'),(1111,'10.36.36.200',0,NULL,'2025-12-09 15:17:35'),(1112,'10.36.36.201',0,NULL,'2025-12-09 15:17:35'),(1113,'10.36.36.202',0,NULL,'2025-12-09 15:17:35'),(1114,'10.36.36.203',0,NULL,'2025-12-09 15:17:35'),(1115,'10.36.36.204',0,NULL,'2025-12-09 15:17:35'),(1116,'10.36.36.205',0,NULL,'2025-12-09 15:17:35'),(1117,'10.36.36.206',0,NULL,'2025-12-09 15:17:35'),(1118,'10.36.36.207',0,NULL,'2025-12-09 15:17:35'),(1119,'10.36.36.208',0,NULL,'2025-12-09 15:17:35'),(1120,'10.36.36.209',0,NULL,'2025-12-09 15:17:35'),(1121,'10.36.36.210',0,NULL,'2025-12-09 15:17:35'),(1122,'10.36.36.211',0,NULL,'2025-12-09 15:17:35'),(1123,'10.36.36.212',0,NULL,'2025-12-09 15:17:35'),(1124,'10.36.36.213',0,NULL,'2025-12-09 15:17:35'),(1125,'10.36.36.214',0,NULL,'2025-12-09 15:17:35'),(1126,'10.36.36.215',0,NULL,'2025-12-09 15:17:35'),(1127,'10.36.36.216',0,NULL,'2025-12-09 15:17:35'),(1128,'10.36.36.217',0,NULL,'2025-12-09 15:17:35'),(1129,'10.36.36.218',0,NULL,'2025-12-09 15:17:35'),(1130,'10.36.36.219',0,NULL,'2025-12-09 15:17:35'),(1131,'10.36.36.220',0,NULL,'2025-12-09 15:17:35'),(1132,'10.36.36.221',0,NULL,'2025-12-09 15:17:35'),(1133,'10.36.36.222',0,NULL,'2025-12-09 15:17:35'),(1134,'10.36.36.223',0,NULL,'2025-12-09 15:17:35'),(1135,'10.36.36.224',0,NULL,'2025-12-09 15:17:35'),(1136,'10.36.36.225',0,NULL,'2025-12-09 15:17:35'),(1137,'10.36.36.226',0,NULL,'2025-12-09 15:17:35'),(1138,'10.36.36.227',0,NULL,'2025-12-09 15:17:35'),(1139,'10.36.36.228',0,NULL,'2025-12-09 15:17:35'),(1140,'10.36.36.229',0,NULL,'2025-12-09 15:17:35'),(1141,'10.36.36.230',0,NULL,'2025-12-09 15:17:35'),(1142,'10.36.36.231',0,NULL,'2025-12-09 15:17:35'),(1143,'10.36.36.232',0,NULL,'2025-12-09 15:17:35'),(1144,'10.36.36.233',0,NULL,'2025-12-09 15:17:35'),(1145,'10.36.36.234',0,NULL,'2025-12-09 15:17:35'),(1146,'10.36.36.235',0,NULL,'2025-12-09 15:17:35'),(1147,'10.36.36.236',0,NULL,'2025-12-09 15:17:35'),(1148,'10.36.36.237',0,NULL,'2025-12-09 15:17:35'),(1149,'10.36.36.238',0,NULL,'2025-12-09 15:17:35'),(1150,'10.36.36.239',0,NULL,'2025-12-09 15:17:35'),(1151,'10.36.36.240',0,NULL,'2025-12-09 15:17:35'),(1152,'10.36.36.241',0,NULL,'2025-12-09 15:17:35'),(1153,'10.36.36.242',0,NULL,'2025-12-09 15:17:35'),(1154,'10.36.36.243',0,NULL,'2025-12-09 15:17:35'),(1155,'10.36.36.244',0,NULL,'2025-12-09 15:17:35'),(1156,'10.36.36.245',0,NULL,'2025-12-09 15:17:35'),(1157,'10.36.36.246',0,NULL,'2025-12-09 15:17:35'),(1158,'10.36.36.247',0,NULL,'2025-12-09 15:17:35'),(1159,'10.36.36.248',0,NULL,'2025-12-09 15:17:35'),(1160,'10.36.36.249',0,NULL,'2025-12-09 15:17:35'),(1161,'10.36.36.250',0,NULL,'2025-12-09 15:17:35'),(1162,'10.36.36.251',0,NULL,'2025-12-09 15:17:35'),(1163,'10.36.36.252',0,NULL,'2025-12-09 15:17:35'),(1164,'10.36.36.253',0,NULL,'2025-12-09 15:17:35'),(1165,'10.36.36.254',0,NULL,'2025-12-09 15:17:35'),(1166,'10.36.36.255',0,NULL,'2025-12-09 15:17:35'),(1167,'10.36.37.1',0,NULL,'2025-12-09 15:17:35'),(1168,'10.36.37.2',0,NULL,'2025-12-09 15:17:35'),(1169,'10.36.37.3',0,NULL,'2025-12-09 15:17:35'),(1170,'10.36.37.4',0,NULL,'2025-12-09 15:17:35'),(1171,'10.36.37.5',0,NULL,'2025-12-09 15:17:35'),(1172,'10.36.37.6',0,NULL,'2025-12-09 15:17:35'),(1173,'10.36.37.7',0,NULL,'2025-12-09 15:17:35'),(1174,'10.36.37.8',0,NULL,'2025-12-09 15:17:35'),(1175,'10.36.37.9',0,NULL,'2025-12-09 15:17:35'),(1176,'10.36.37.10',0,NULL,'2025-12-09 15:17:35'),(1177,'10.36.37.11',0,NULL,'2025-12-09 15:17:35'),(1178,'10.36.37.12',0,NULL,'2025-12-09 15:17:35'),(1179,'10.36.37.13',0,NULL,'2025-12-09 15:17:35'),(1180,'10.36.37.14',0,NULL,'2025-12-09 15:17:35'),(1181,'10.36.37.15',0,NULL,'2025-12-09 15:17:35'),(1182,'10.36.37.16',0,NULL,'2025-12-09 15:17:35'),(1183,'10.36.37.17',0,NULL,'2025-12-09 15:17:35'),(1184,'10.36.37.18',0,NULL,'2025-12-09 15:17:35'),(1185,'10.36.37.19',0,NULL,'2025-12-09 15:17:35'),(1186,'10.36.37.20',0,NULL,'2025-12-09 15:17:35'),(1187,'10.36.37.21',0,NULL,'2025-12-09 15:17:35'),(1188,'10.36.37.22',0,NULL,'2025-12-09 15:17:35'),(1189,'10.36.37.23',0,NULL,'2025-12-09 15:17:35'),(1190,'10.36.37.24',0,NULL,'2025-12-09 15:17:35'),(1191,'10.36.37.25',0,NULL,'2025-12-09 15:17:35'),(1192,'10.36.37.26',0,NULL,'2025-12-09 15:17:35'),(1193,'10.36.37.27',0,NULL,'2025-12-09 15:17:35'),(1194,'10.36.37.28',0,NULL,'2025-12-09 15:17:35'),(1195,'10.36.37.29',0,NULL,'2025-12-09 15:17:35'),(1196,'10.36.37.30',0,NULL,'2025-12-09 15:17:35'),(1197,'10.36.37.31',0,NULL,'2025-12-09 15:17:35'),(1198,'10.36.37.32',0,NULL,'2025-12-09 15:17:35'),(1199,'10.36.37.33',0,NULL,'2025-12-09 15:17:35'),(1200,'10.36.37.34',0,NULL,'2025-12-09 15:17:35'),(1201,'10.36.37.35',0,NULL,'2025-12-09 15:17:35'),(1202,'10.36.37.36',0,NULL,'2025-12-09 15:17:35'),(1203,'10.36.37.37',0,NULL,'2025-12-09 15:17:35'),(1204,'10.36.37.38',0,NULL,'2025-12-09 15:17:35'),(1205,'10.36.37.39',0,NULL,'2025-12-09 15:17:35'),(1206,'10.36.37.40',0,NULL,'2025-12-09 15:17:35'),(1207,'10.36.37.41',0,NULL,'2025-12-09 15:17:35'),(1208,'10.36.37.42',0,NULL,'2025-12-09 15:17:35'),(1209,'10.36.37.43',0,NULL,'2025-12-09 15:17:35'),(1210,'10.36.37.44',0,NULL,'2025-12-09 15:17:35'),(1211,'10.36.37.45',0,NULL,'2025-12-09 15:17:35'),(1212,'10.36.37.46',0,NULL,'2025-12-09 15:17:35'),(1213,'10.36.37.47',0,NULL,'2025-12-09 15:17:35'),(1214,'10.36.37.48',0,NULL,'2025-12-09 15:17:35'),(1215,'10.36.37.49',0,NULL,'2025-12-09 15:17:35'),(1216,'10.36.37.50',0,NULL,'2025-12-09 15:17:35'),(1217,'10.36.37.51',0,NULL,'2025-12-09 15:17:35'),(1218,'10.36.37.52',0,NULL,'2025-12-09 15:17:35'),(1219,'10.36.37.53',0,NULL,'2025-12-09 15:17:35'),(1220,'10.36.37.54',0,NULL,'2025-12-09 15:17:35'),(1221,'10.36.37.55',0,NULL,'2025-12-09 15:17:35'),(1222,'10.36.37.56',0,NULL,'2025-12-09 15:17:35'),(1223,'10.36.37.57',0,NULL,'2025-12-09 15:17:35'),(1224,'10.36.37.58',0,NULL,'2025-12-09 15:17:35'),(1225,'10.36.37.59',0,NULL,'2025-12-09 15:17:35'),(1226,'10.36.37.60',0,NULL,'2025-12-09 15:17:35'),(1227,'10.36.37.61',0,NULL,'2025-12-09 15:17:35'),(1228,'10.36.37.62',0,NULL,'2025-12-09 15:17:35'),(1229,'10.36.37.63',0,NULL,'2025-12-09 15:17:35'),(1230,'10.36.37.64',0,NULL,'2025-12-09 15:17:35'),(1231,'10.36.37.65',0,NULL,'2025-12-09 15:17:35'),(1232,'10.36.37.66',0,NULL,'2025-12-09 15:17:35'),(1233,'10.36.37.67',0,NULL,'2025-12-09 15:17:35'),(1234,'10.36.37.68',0,NULL,'2025-12-09 15:17:35'),(1235,'10.36.37.69',0,NULL,'2025-12-09 15:17:35'),(1236,'10.36.37.70',0,NULL,'2025-12-09 15:17:35'),(1237,'10.36.37.71',0,NULL,'2025-12-09 15:17:35'),(1238,'10.36.37.72',0,NULL,'2025-12-09 15:17:35'),(1239,'10.36.37.73',0,NULL,'2025-12-09 15:17:35'),(1240,'10.36.37.74',0,NULL,'2025-12-09 15:17:35'),(1241,'10.36.37.75',0,NULL,'2025-12-09 15:17:35'),(1242,'10.36.37.76',0,NULL,'2025-12-09 15:17:35'),(1243,'10.36.37.77',0,NULL,'2025-12-09 15:17:35'),(1244,'10.36.37.78',0,NULL,'2025-12-09 15:17:35'),(1245,'10.36.37.79',0,NULL,'2025-12-09 15:17:35'),(1246,'10.36.37.80',0,NULL,'2025-12-09 15:17:35'),(1247,'10.36.37.81',0,NULL,'2025-12-09 15:17:35'),(1248,'10.36.37.82',0,NULL,'2025-12-09 15:17:35'),(1249,'10.36.37.83',0,NULL,'2025-12-09 15:17:35'),(1250,'10.36.37.84',0,NULL,'2025-12-09 15:17:35'),(1251,'10.36.37.85',0,NULL,'2025-12-09 15:17:35'),(1252,'10.36.37.86',0,NULL,'2025-12-09 15:17:35'),(1253,'10.36.37.87',0,NULL,'2025-12-09 15:17:35'),(1254,'10.36.37.88',0,NULL,'2025-12-09 15:17:35'),(1255,'10.36.37.89',0,NULL,'2025-12-09 15:17:35'),(1256,'10.36.37.90',0,NULL,'2025-12-09 15:17:35'),(1257,'10.36.37.91',0,NULL,'2025-12-09 15:17:35'),(1258,'10.36.37.92',0,NULL,'2025-12-09 15:17:35'),(1259,'10.36.37.93',0,NULL,'2025-12-09 15:17:35'),(1260,'10.36.37.94',0,NULL,'2025-12-09 15:17:35'),(1261,'10.36.37.95',0,NULL,'2025-12-09 15:17:35'),(1262,'10.36.37.96',0,NULL,'2025-12-09 15:17:35'),(1263,'10.36.37.97',0,NULL,'2025-12-09 15:17:35'),(1264,'10.36.37.98',0,NULL,'2025-12-09 15:17:35'),(1265,'10.36.37.99',0,NULL,'2025-12-09 15:17:35'),(1266,'10.36.37.100',0,NULL,'2025-12-09 15:17:35'),(1267,'10.36.37.101',0,NULL,'2025-12-09 15:17:35'),(1268,'10.36.37.102',0,NULL,'2025-12-09 15:17:35'),(1269,'10.36.37.103',0,NULL,'2025-12-09 15:17:35'),(1270,'10.36.37.104',0,NULL,'2025-12-09 15:17:35'),(1271,'10.36.37.105',0,NULL,'2025-12-09 15:17:35'),(1272,'10.36.37.106',0,NULL,'2025-12-09 15:17:35'),(1273,'10.36.37.107',0,NULL,'2025-12-09 15:17:35'),(1274,'10.36.37.108',0,NULL,'2025-12-09 15:17:35'),(1275,'10.36.37.109',0,NULL,'2025-12-09 15:17:35'),(1276,'10.36.37.110',0,NULL,'2025-12-09 15:17:35'),(1277,'10.36.37.111',0,NULL,'2025-12-09 15:17:35'),(1278,'10.36.37.112',0,NULL,'2025-12-09 15:17:35'),(1279,'10.36.37.113',0,NULL,'2025-12-09 15:17:35'),(1280,'10.36.37.114',0,NULL,'2025-12-09 15:17:35'),(1281,'10.36.37.115',0,NULL,'2025-12-09 15:17:35'),(1282,'10.36.37.116',0,NULL,'2025-12-09 15:17:35'),(1283,'10.36.37.117',0,NULL,'2025-12-09 15:17:35'),(1284,'10.36.37.118',0,NULL,'2025-12-09 15:17:35'),(1285,'10.36.37.119',0,NULL,'2025-12-09 15:17:35'),(1286,'10.36.37.120',0,NULL,'2025-12-09 15:17:35'),(1287,'10.36.37.121',0,NULL,'2025-12-09 15:17:35'),(1288,'10.36.37.122',0,NULL,'2025-12-09 15:17:35'),(1289,'10.36.37.123',0,NULL,'2025-12-09 15:17:35'),(1290,'10.36.37.124',0,NULL,'2025-12-09 15:17:35'),(1291,'10.36.37.125',0,NULL,'2025-12-09 15:17:35'),(1292,'10.36.37.126',0,NULL,'2025-12-09 15:17:35'),(1293,'10.36.37.127',0,NULL,'2025-12-09 15:17:35'),(1294,'10.36.37.128',0,NULL,'2025-12-09 15:17:35'),(1295,'10.36.37.129',0,NULL,'2025-12-09 15:17:35'),(1296,'10.36.37.130',0,NULL,'2025-12-09 15:17:35'),(1297,'10.36.37.131',0,NULL,'2025-12-09 15:17:35'),(1298,'10.36.37.132',0,NULL,'2025-12-09 15:17:35'),(1299,'10.36.37.133',0,NULL,'2025-12-09 15:17:35'),(1300,'10.36.37.134',0,NULL,'2025-12-09 15:17:35'),(1301,'10.36.37.135',0,NULL,'2025-12-09 15:17:35'),(1302,'10.36.37.136',0,NULL,'2025-12-09 15:17:35'),(1303,'10.36.37.137',0,NULL,'2025-12-09 15:17:35'),(1304,'10.36.37.138',0,NULL,'2025-12-09 15:17:35'),(1305,'10.36.37.139',0,NULL,'2025-12-09 15:17:35'),(1306,'10.36.37.140',0,NULL,'2025-12-09 15:17:35'),(1307,'10.36.37.141',0,NULL,'2025-12-09 15:17:35'),(1308,'10.36.37.142',0,NULL,'2025-12-09 15:17:35'),(1309,'10.36.37.143',0,NULL,'2025-12-09 15:17:35'),(1310,'10.36.37.144',0,NULL,'2025-12-09 15:17:35'),(1311,'10.36.37.145',0,NULL,'2025-12-09 15:17:35'),(1312,'10.36.37.146',0,NULL,'2025-12-09 15:17:35'),(1313,'10.36.37.147',0,NULL,'2025-12-09 15:17:35'),(1314,'10.36.37.148',0,NULL,'2025-12-09 15:17:35'),(1315,'10.36.37.149',0,NULL,'2025-12-09 15:17:35'),(1316,'10.36.37.150',0,NULL,'2025-12-09 15:17:35'),(1317,'10.36.37.151',0,NULL,'2025-12-09 15:17:35'),(1318,'10.36.37.152',0,NULL,'2025-12-09 15:17:35'),(1319,'10.36.37.153',0,NULL,'2025-12-09 15:17:35'),(1320,'10.36.37.154',0,NULL,'2025-12-09 15:17:35'),(1321,'10.36.37.155',0,NULL,'2025-12-09 15:17:35'),(1322,'10.36.37.156',0,NULL,'2025-12-09 15:17:35'),(1323,'10.36.37.157',0,NULL,'2025-12-09 15:17:35'),(1324,'10.36.37.158',0,NULL,'2025-12-09 15:17:35'),(1325,'10.36.37.159',0,NULL,'2025-12-09 15:17:35'),(1326,'10.36.37.160',0,NULL,'2025-12-09 15:17:35'),(1327,'10.36.37.161',0,NULL,'2025-12-09 15:17:35'),(1328,'10.36.37.162',0,NULL,'2025-12-09 15:17:35'),(1329,'10.36.37.163',0,NULL,'2025-12-09 15:17:35'),(1330,'10.36.37.164',0,NULL,'2025-12-09 15:17:35'),(1331,'10.36.37.165',0,NULL,'2025-12-09 15:17:35'),(1332,'10.36.37.166',0,NULL,'2025-12-09 15:17:35'),(1333,'10.36.37.167',0,NULL,'2025-12-09 15:17:35'),(1334,'10.36.37.168',0,NULL,'2025-12-09 15:17:35'),(1335,'10.36.37.169',0,NULL,'2025-12-09 15:17:35'),(1336,'10.36.37.170',0,NULL,'2025-12-09 15:17:35'),(1337,'10.36.37.171',0,NULL,'2025-12-09 15:17:35'),(1338,'10.36.37.172',0,NULL,'2025-12-09 15:17:35'),(1339,'10.36.37.173',0,NULL,'2025-12-09 15:17:35'),(1340,'10.36.37.174',0,NULL,'2025-12-09 15:17:35'),(1341,'10.36.37.175',0,NULL,'2025-12-09 15:17:35'),(1342,'10.36.37.176',0,NULL,'2025-12-09 15:17:35'),(1343,'10.36.37.177',0,NULL,'2025-12-09 15:17:35'),(1344,'10.36.37.178',0,NULL,'2025-12-09 15:17:35'),(1345,'10.36.37.179',0,NULL,'2025-12-09 15:17:35'),(1346,'10.36.37.180',0,NULL,'2025-12-09 15:17:35'),(1347,'10.36.37.181',0,NULL,'2025-12-09 15:17:35'),(1348,'10.36.37.182',0,NULL,'2025-12-09 15:17:35'),(1349,'10.36.37.183',0,NULL,'2025-12-09 15:17:35'),(1350,'10.36.37.184',0,NULL,'2025-12-09 15:17:35'),(1351,'10.36.37.185',0,NULL,'2025-12-09 15:17:35'),(1352,'10.36.37.186',0,NULL,'2025-12-09 15:17:35'),(1353,'10.36.37.187',0,NULL,'2025-12-09 15:17:35'),(1354,'10.36.37.188',0,NULL,'2025-12-09 15:17:35'),(1355,'10.36.37.189',0,NULL,'2025-12-09 15:17:35'),(1356,'10.36.37.190',0,NULL,'2025-12-09 15:17:35'),(1357,'10.36.37.191',0,NULL,'2025-12-09 15:17:35'),(1358,'10.36.37.192',0,NULL,'2025-12-09 15:17:35'),(1359,'10.36.37.193',0,NULL,'2025-12-09 15:17:35'),(1360,'10.36.37.194',0,NULL,'2025-12-09 15:17:35'),(1361,'10.36.37.195',0,NULL,'2025-12-09 15:17:35'),(1362,'10.36.37.196',0,NULL,'2025-12-09 15:17:35'),(1363,'10.36.37.197',0,NULL,'2025-12-09 15:17:35'),(1364,'10.36.37.198',0,NULL,'2025-12-09 15:17:35'),(1365,'10.36.37.199',0,NULL,'2025-12-09 15:17:35'),(1366,'10.36.37.200',0,NULL,'2025-12-09 15:17:35'),(1367,'10.36.37.201',0,NULL,'2025-12-09 15:17:35'),(1368,'10.36.37.202',0,NULL,'2025-12-09 15:17:35'),(1369,'10.36.37.203',0,NULL,'2025-12-09 15:17:35'),(1370,'10.36.37.204',0,NULL,'2025-12-09 15:17:35'),(1371,'10.36.37.205',0,NULL,'2025-12-09 15:17:35'),(1372,'10.36.37.206',0,NULL,'2025-12-09 15:17:35'),(1373,'10.36.37.207',0,NULL,'2025-12-09 15:17:35'),(1374,'10.36.37.208',0,NULL,'2025-12-09 15:17:35'),(1375,'10.36.37.209',0,NULL,'2025-12-09 15:17:35'),(1376,'10.36.37.210',0,NULL,'2025-12-09 15:17:35'),(1377,'10.36.37.211',0,NULL,'2025-12-09 15:17:35'),(1378,'10.36.37.212',0,NULL,'2025-12-09 15:17:35'),(1379,'10.36.37.213',0,NULL,'2025-12-09 15:17:35'),(1380,'10.36.37.214',0,NULL,'2025-12-09 15:17:35'),(1381,'10.36.37.215',0,NULL,'2025-12-09 15:17:35'),(1382,'10.36.37.216',0,NULL,'2025-12-09 15:17:35'),(1383,'10.36.37.217',0,NULL,'2025-12-09 15:17:35'),(1384,'10.36.37.218',0,NULL,'2025-12-09 15:17:35'),(1385,'10.36.37.219',0,NULL,'2025-12-09 15:17:35'),(1386,'10.36.37.220',0,NULL,'2025-12-09 15:17:35'),(1387,'10.36.37.221',0,NULL,'2025-12-09 15:17:35'),(1388,'10.36.37.222',0,NULL,'2025-12-09 15:17:35'),(1389,'10.36.37.223',0,NULL,'2025-12-09 15:17:35'),(1390,'10.36.37.224',0,NULL,'2025-12-09 15:17:35'),(1391,'10.36.37.225',0,NULL,'2025-12-09 15:17:35'),(1392,'10.36.37.226',0,NULL,'2025-12-09 15:17:35'),(1393,'10.36.37.227',0,NULL,'2025-12-09 15:17:35'),(1394,'10.36.37.228',0,NULL,'2025-12-09 15:17:35'),(1395,'10.36.37.229',0,NULL,'2025-12-09 15:17:35'),(1396,'10.36.37.230',0,NULL,'2025-12-09 15:17:35'),(1397,'10.36.37.231',0,NULL,'2025-12-09 15:17:35'),(1398,'10.36.37.232',0,NULL,'2025-12-09 15:17:35'),(1399,'10.36.37.233',0,NULL,'2025-12-09 15:17:35'),(1400,'10.36.37.234',0,NULL,'2025-12-09 15:17:35'),(1401,'10.36.37.235',0,NULL,'2025-12-09 15:17:35'),(1402,'10.36.37.236',0,NULL,'2025-12-09 15:17:35'),(1403,'10.36.37.237',0,NULL,'2025-12-09 15:17:35'),(1404,'10.36.37.238',0,NULL,'2025-12-09 15:17:35'),(1405,'10.36.37.239',0,NULL,'2025-12-09 15:17:35'),(1406,'10.36.37.240',0,NULL,'2025-12-09 15:17:35'),(1407,'10.36.37.241',0,NULL,'2025-12-09 15:17:35'),(1408,'10.36.37.242',0,NULL,'2025-12-09 15:17:35'),(1409,'10.36.37.243',0,NULL,'2025-12-09 15:17:35'),(1410,'10.36.37.244',0,NULL,'2025-12-09 15:17:35'),(1411,'10.36.37.245',0,NULL,'2025-12-09 15:17:35'),(1412,'10.36.37.246',0,NULL,'2025-12-09 15:17:35'),(1413,'10.36.37.247',0,NULL,'2025-12-09 15:17:35'),(1414,'10.36.37.248',0,NULL,'2025-12-09 15:17:35'),(1415,'10.36.37.249',0,NULL,'2025-12-09 15:17:35'),(1416,'10.36.37.250',0,NULL,'2025-12-09 15:17:35'),(1417,'10.36.37.251',0,NULL,'2025-12-09 15:17:35'),(1418,'10.36.37.252',0,NULL,'2025-12-09 15:17:35'),(1419,'10.36.37.253',0,NULL,'2025-12-09 15:17:35'),(1420,'10.36.37.254',0,NULL,'2025-12-09 15:17:35'),(1421,'10.36.37.255',0,NULL,'2025-12-09 15:17:35');

#
# Structure for table "nni_customers"
#

CREATE TABLE `nni_customers` (
  `id` int unsigned NOT NULL AUTO_INCREMENT,
  `customer_name` varchar(255) NOT NULL,
  `customer_ref` varchar(128) DEFAULT NULL,
  `product` varchar(128) DEFAULT NULL,
  `circuit_id` varchar(64) DEFAULT NULL,
  `street_address` varchar(255) DEFAULT NULL,
  `postal_code` varchar(16) DEFAULT NULL,
  `postal_city` varchar(128) DEFAULT NULL,
  `vendor_id` int unsigned NOT NULL,
  `service_router_id` int unsigned DEFAULT NULL,
  `edge_router_id` int unsigned DEFAULT NULL,
  `access_router_id` int unsigned DEFAULT NULL,
  `access_slot` varchar(32) DEFAULT NULL,
  `access_port` varchar(32) DEFAULT NULL,
  `cpe_mac` varchar(32) DEFAULT NULL,
  `cpe_type` varchar(64) DEFAULT NULL,
  `cpe_mgmt_ip_id` int unsigned DEFAULT NULL,
  `nni_vlan` int unsigned DEFAULT NULL,
  `c_vlan` int unsigned DEFAULT NULL,
  `bandwidth` varchar(64) DEFAULT NULL,
  `description` text,
  `status_install` tinyint(1) NOT NULL DEFAULT '0',
  `status_configured` tinyint(1) NOT NULL DEFAULT '0',
  `is_active` tinyint(1) NOT NULL DEFAULT '1',
  `created_at` datetime NOT NULL DEFAULT CURRENT_TIMESTAMP,
  `updated_at` datetime DEFAULT NULL ON UPDATE CURRENT_TIMESTAMP,
  PRIMARY KEY (`id`),
  KEY `idx_nni_vendor` (`vendor_id`),
  KEY `idx_nni_sr` (`service_router_id`),
  KEY `idx_nni_er` (`edge_router_id`),
  KEY `idx_nni_ar` (`access_router_id`),
  KEY `idx_nni_cpe_mgmt_ip` (`cpe_mgmt_ip_id`),
  CONSTRAINT `fk_nni_ar_router` FOREIGN KEY (`access_router_id`) REFERENCES `access_routers` (`id`) ON DELETE SET NULL,
  CONSTRAINT `fk_nni_cpe_mgmt_ip` FOREIGN KEY (`cpe_mgmt_ip_id`) REFERENCES `cpe_mgmt_ip` (`id`) ON DELETE SET NULL,
  CONSTRAINT `fk_nni_er_router` FOREIGN KEY (`edge_router_id`) REFERENCES `edge_routers` (`id`) ON DELETE SET NULL,
  CONSTRAINT `fk_nni_sr_router` FOREIGN KEY (`service_router_id`) REFERENCES `grossist_service_routers` (`id`) ON DELETE SET NULL,
  CONSTRAINT `fk_nni_vendor` FOREIGN KEY (`vendor_id`) REFERENCES `grossist_vendors` (`id`)
) ENGINE=InnoDB AUTO_INCREMENT=5 DEFAULT CHARSET=utf8mb4 COLLATE=utf8mb4_0900_ai_ci;

#
# Data for table "nni_customers"
#

INSERT INTO `nni_customers` VALUES (1,'Lakkspesialisten AS','123','Bedriftsnett IP-VPN 10 Mb/s','C101M-1000','Norevegen 30','','',1,7,902,333,'4','32',NULL,NULL,NULL,2042,3734,'10M',NULL,0,0,1,'2025-12-11 10:40:09','2025-12-11 14:23:27'),(2,'Kopervik Videregående Skole','C100M-5359','Ethernet Aksess 100 Mb/s','C100M-5359','Kopervik','','Kopervik',1,7,884,371,'5','39',NULL,NULL,NULL,2233,3718,'10M',NULL,0,0,0,'2025-12-11 14:22:37',NULL),(3,'Sparebank Vest Stord','C100M-2382','Bedriftsnett IP-VPN 100 Mb/s','C100M-2382','Borggata 8','','Stord',1,8,NULL,NULL,NULL,NULL,NULL,NULL,NULL,2281,3721,'100 Mbit/s',NULL,0,0,1,'2025-12-11 14:48:22',NULL),(4,'gnbz','dfgdagadfg','234r25r23','2342525','Haukelivegen 25','5529','Haugesund',1,8,908,301,'3','5','sdgfasgret346','xgx',NULL,100,100,'200000000',NULL,0,0,1,'2025-12-23 08:50:16',NULL);

#
# Structure for table "projects"
#

CREATE TABLE `projects` (
  `id` bigint unsigned NOT NULL AUTO_INCREMENT,
  `project_no` varchar(64) NOT NULL DEFAULT '',
  `name` varchar(255) NOT NULL,
  `owner` varchar(255) DEFAULT NULL,
  `project_type` enum('lager','arbeid') NOT NULL DEFAULT 'arbeid',
  `is_active` tinyint(1) NOT NULL DEFAULT '1',
  `created_at` datetime NOT NULL DEFAULT CURRENT_TIMESTAMP,
  PRIMARY KEY (`id`),
  KEY `idx_name` (`name`),
  KEY `idx_projects_project_no` (`project_no`),
  KEY `idx_projects_type` (`project_type`)
) ENGINE=InnoDB AUTO_INCREMENT=3 DEFAULT CHARSET=utf8mb4 COLLATE=utf8mb4_0900_ai_ci;

#
# Data for table "projects"
#

INSERT INTO `projects` VALUES (1,'1400','HK Fiber Teknisk Lager (Agresso)','Robert Svaneland','lager',1,'2025-12-22 14:41:50'),(2,'30400','Drift av Noder og nettverk','Robert Svaneland','arbeid',1,'2025-12-22 22:12:07');

#
# Structure for table "project_cost_project_map"
#

CREATE TABLE `project_cost_project_map` (
  `project_id` bigint unsigned NOT NULL,
  `cost_project_id` int unsigned NOT NULL,
  PRIMARY KEY (`project_id`,`cost_project_id`),
  KEY `idx_pcm_cost_project` (`cost_project_id`),
  CONSTRAINT `fk_pcm_cost_project` FOREIGN KEY (`cost_project_id`) REFERENCES `cost_projects` (`id`) ON DELETE CASCADE,
  CONSTRAINT `fk_pcm_project` FOREIGN KEY (`project_id`) REFERENCES `projects` (`id`) ON DELETE CASCADE
) ENGINE=InnoDB DEFAULT CHARSET=utf8mb4 COLLATE=utf8mb4_0900_ai_ci;

#
# Data for table "project_cost_project_map"
#


#
# Structure for table "inv_batches"
#

CREATE TABLE `inv_batches` (
  `id` bigint unsigned NOT NULL AUTO_INCREMENT,
  `product_id` int unsigned NOT NULL,
  `physical_location_id` int unsigned DEFAULT NULL,
  `project_id` bigint unsigned DEFAULT NULL,
  `received_at` datetime NOT NULL DEFAULT CURRENT_TIMESTAMP,
  `supplier` varchar(128) DEFAULT NULL,
  `note` varchar(255) DEFAULT NULL,
  `unit_price` decimal(12,4) NOT NULL DEFAULT '0.0000',
  `qty_received` decimal(12,3) NOT NULL DEFAULT '0.000',
  `qty_remaining` decimal(12,3) NOT NULL DEFAULT '0.000',
  `created_at` datetime NOT NULL DEFAULT CURRENT_TIMESTAMP,
  `invoice_received` tinyint(1) NOT NULL DEFAULT '0',
  PRIMARY KEY (`id`),
  KEY `idx_product_remaining` (`product_id`,`qty_remaining`),
  KEY `idx_received_at` (`received_at`),
  KEY `idx_phys` (`physical_location_id`),
  KEY `idx_proj` (`project_id`),
  CONSTRAINT `fk_invbatch_phys` FOREIGN KEY (`physical_location_id`) REFERENCES `inv_locations` (`id`) ON DELETE SET NULL,
  CONSTRAINT `fk_invbatch_product` FOREIGN KEY (`product_id`) REFERENCES `inv_products` (`id`) ON DELETE CASCADE,
  CONSTRAINT `fk_invbatch_project` FOREIGN KEY (`project_id`) REFERENCES `projects` (`id`) ON DELETE SET NULL
) ENGINE=InnoDB AUTO_INCREMENT=5 DEFAULT CHARSET=utf8mb4 COLLATE=utf8mb4_0900_ai_ci;

#
# Data for table "inv_batches"
#

INSERT INTO `inv_batches` VALUES (1,1,1,1,'2025-12-19 16:45:00',NULL,NULL,1615.0000,7.000,7.000,'2025-12-19 16:46:02',1),(2,2,1,1,'2025-12-22 21:30:00',NULL,NULL,120.0000,48.000,48.000,'2025-12-22 21:30:43',0),(3,4,1,1,'2025-10-30 21:30:00',NULL,NULL,2334.0000,33.000,33.000,'2025-12-22 21:31:05',0),(4,7,1,1,'2025-12-04 21:31:00',NULL,NULL,34344.0000,23.000,23.000,'2025-12-22 21:31:26',0);

#
# Structure for table "users"
#

CREATE TABLE `users` (
  `id` int unsigned NOT NULL AUTO_INCREMENT,
  `username` varchar(128) NOT NULL,
  `display_name` varchar(256) DEFAULT NULL,
  `email` varchar(256) DEFAULT NULL,
  `is_active` tinyint(1) NOT NULL DEFAULT '1',
  `created_at` datetime NOT NULL DEFAULT CURRENT_TIMESTAMP,
  `last_login_at` datetime DEFAULT NULL,
  `ad_groups` text,
  `twofa_enabled` tinyint(1) NOT NULL DEFAULT '0',
  `twofa_secret` varchar(255) DEFAULT NULL,
  PRIMARY KEY (`id`),
  UNIQUE KEY `username` (`username`)
) ENGINE=InnoDB AUTO_INCREMENT=4 DEFAULT CHARSET=utf8mb4 COLLATE=utf8mb4_0900_ai_ci;

#
# Data for table "users"
#

INSERT INTO `users` VALUES (1,'rsv','Robert Svaneland',NULL,1,'2025-12-02 12:44:22','2025-12-23 10:33:56','[\"CN=Netbox,OU=ApplicationRights,OU=bbdrift,DC=bbdrift,DC=ad\",\"CN=LibreNMS,OU=ApplicationRights,OU=bbdrift,DC=bbdrift,DC=ad\",\"CN=Wiki,OU=ApplicationRights,OU=bbdrift,DC=bbdrift,DC=ad\",\"CN=Lager_uttak,OU=ApplicationRights,OU=bbdrift,DC=bbdrift,DC=ad\",\"CN=login_teknisk,OU=ApplicationRights,OU=bbdrift,DC=bbdrift,DC=ad\",\"CN=teknisk,OU=ApplicationRights,OU=bbdrift,DC=bbdrift,DC=ad\",\"CN=hkfa_2factor,OU=ApplicationRights,OU=bbdrift,DC=bbdrift,DC=ad\",\"CN=ftpusers,OU=Groups,OU=bbdrift,DC=bbdrift,DC=ad\",\"CN=CiscoSmartLicense_on_prem,OU=ApplicationRights,OU=bbdrift,DC=bbdrift,DC=ad\",\"CN=Cisco Smart license Server users,OU=System,OU=Users,OU=bbdrift,DC=bbdrift,DC=ad\",\"CN=ConsoleAccess,OU=Groups,OU=bbdrift,DC=bbdrift,DC=ad\",\"CN=VPN_to_Orion,OU=Groups,OU=bbdrift,DC=bbdrift,DC=ad\",\"CN=Splunk-admin,OU=Groups,OU=bbdrift,DC=bbdrift,DC=ad\",\"CN=MSSQL Database Administrators,OU=Groups,OU=bbdrift,DC=bbdrift,DC=ad\",\"CN=RDP-HKMGMT-users,OU=Groups,OU=bbdrift,DC=bbdrift,DC=ad\",\"CN=siebel-1003,OU=ApplicationRights,OU=bbdrift,DC=bbdrift,DC=ad\",\"CN=GC_Mobileprov,OU=ApplicationRights,OU=bbdrift,DC=bbdrift,DC=ad\",\"CN=2factor,OU=ApplicationRights,OU=bbdrift,DC=bbdrift,DC=ad\",\"CN=iot_Mobileprov,OU=ApplicationRights,OU=bbdrift,DC=bbdrift,DC=ad\",\"CN=BKK_Mobileprov,OU=ApplicationRights,OU=bbdrift,DC=bbdrift,DC=ad\",\"CN=hk-c2a,OU=ApplicationRights,OU=bbdrift,DC=bbdrift,DC=ad\",\"CN=orion admins,OU=Groups,OU=bbdrift,DC=bbdrift,DC=ad\",\"CN=Tacacs-HKIT,OU=Groups,OU=bbdrift,DC=bbdrift,DC=ad\",\"CN=ISE-Admins,OU=Groups,OU=bbdrift,DC=bbdrift,DC=ad\",\"CN=Tacacs-RW,OU=Groups,OU=bbdrift,DC=bbdrift,DC=ad\",\"CN=dashboard,OU=ApplicationRights,OU=bbdrift,DC=bbdrift,DC=ad\",\"CN=VMware-admins,OU=Groups,OU=bbdrift,DC=bbdrift,DC=ad\",\"CN=Schema Admins,CN=Users,DC=bbdrift,DC=ad\",\"CN=Domain Admins,CN=Users,DC=bbdrift,DC=ad\",\"CN=Administrators,CN=Builtin,DC=bbdrift,DC=ad\"]',1,'FL3J36IZOF2CDI2YE5IPB5QPKEEFSLZSHZQ4SGP3P4WMYBTUHY2EM446RJVGPF7APWB46CRGQ7DWARCQX6WWZXCKAJ6DLLXU44IKONA'),(2,'rsvtest','Robert Test',NULL,1,'2025-12-08 09:29:15','2025-12-22 10:11:53','[\"CN=teknisk,OU=ApplicationRights,OU=bbdrift,DC=bbdrift,DC=ad\"]',1,'BNQWDPMWQLEVTDLVAMADBMEHYBEYX64LB35QVKYPSDZUY2WOJTVEJ3YUGXQXSJJB755N5AAFNJIXUYVGEPQSEY2R4KKTMHIORQPYCEA'),(3,'oan','Øyvind Antonsen',NULL,1,'2025-12-22 08:42:50','2025-12-23 08:42:25','[\"CN=Netbox,OU=ApplicationRights,OU=bbdrift,DC=bbdrift,DC=ad\",\"CN=LibreNMS,OU=ApplicationRights,OU=bbdrift,DC=bbdrift,DC=ad\",\"CN=Wiki,OU=ApplicationRights,OU=bbdrift,DC=bbdrift,DC=ad\",\"CN=Lager_uttak,OU=ApplicationRights,OU=bbdrift,DC=bbdrift,DC=ad\",\"CN=teknisk,OU=ApplicationRights,OU=bbdrift,DC=bbdrift,DC=ad\",\"CN=hkfa_2factor,OU=ApplicationRights,OU=bbdrift,DC=bbdrift,DC=ad\",\"CN=TDC_Mobileprov,OU=ApplicationRights,OU=bbdrift,DC=bbdrift,DC=ad\",\"CN=ftpusers,OU=Groups,OU=bbdrift,DC=bbdrift,DC=ad\",\"CN=CiscoSmartLicense_on_prem,OU=ApplicationRights,OU=bbdrift,DC=bbdrift,DC=ad\",\"CN=ConsoleAccess,OU=Groups,OU=bbdrift,DC=bbdrift,DC=ad\",\"CN=VPN_to_Orion,OU=Groups,OU=bbdrift,DC=bbdrift,DC=ad\",\"CN=Splunk-admin,OU=Groups,OU=bbdrift,DC=bbdrift,DC=ad\",\"CN=RDP-HKMGMT-users,OU=Groups,OU=bbdrift,DC=bbdrift,DC=ad\",\"CN=GC_Mobileprov,OU=ApplicationRights,OU=bbdrift,DC=bbdrift,DC=ad\",\"CN=2factor,OU=ApplicationRights,OU=bbdrift,DC=bbdrift,DC=ad\",\"CN=iot_Mobileprov,OU=ApplicationRights,OU=bbdrift,DC=bbdrift,DC=ad\",\"CN=BKK_Mobileprov,OU=ApplicationRights,OU=bbdrift,DC=bbdrift,DC=ad\",\"CN=Tacacs-HKIT,OU=Groups,OU=bbdrift,DC=bbdrift,DC=ad\",\"CN=ISE-Admins,OU=Groups,OU=bbdrift,DC=bbdrift,DC=ad\",\"CN=Tacacs-RW,OU=Groups,OU=bbdrift,DC=bbdrift,DC=ad\",\"CN=VMware-admins,OU=Groups,OU=bbdrift,DC=bbdrift,DC=ad\",\"CN=Domain Admins,CN=Users,DC=bbdrift,DC=ad\",\"CN=Administrators,CN=Builtin,DC=bbdrift,DC=ad\"]',1,'A3FAFZ7F6LOGI4R6POR4OOCEEY7IZU3O524LIHYEUZMUBHZLGLCW6IQL3A3772SREMNEKNZIDPWDN7YBKKMRL4ORAAFRGR7LPXTP2HI');

#
# Structure for table "user_settings"
#

CREATE TABLE `user_settings` (
  `user_id` int unsigned NOT NULL,
  `theme` varchar(64) NOT NULL DEFAULT 'Yeti',
  `avatar_path` varchar(255) DEFAULT NULL,
  PRIMARY KEY (`user_id`),
  CONSTRAINT `fk_user_settings_user` FOREIGN KEY (`user_id`) REFERENCES `users` (`id`) ON DELETE CASCADE
) ENGINE=InnoDB DEFAULT CHARSET=utf8mb4 COLLATE=utf8mb4_0900_ai_ci;

#
# Data for table "user_settings"
#

INSERT INTO `user_settings` VALUES (1,'Cosmo','/uploads/avatars/user-1.png'),(3,'Slate',NULL);

#
# Structure for table "user_roles"
#

CREATE TABLE `user_roles` (
  `user_id` int unsigned NOT NULL,
  `role` varchar(64) NOT NULL,
  PRIMARY KEY (`user_id`,`role`),
  KEY `idx_role` (`role`),
  CONSTRAINT `fk_user_roles_user` FOREIGN KEY (`user_id`) REFERENCES `users` (`id`) ON DELETE CASCADE
) ENGINE=InnoDB DEFAULT CHARSET=utf8mb4 COLLATE=utf8mb4_0900_ai_ci;

#
# Data for table "user_roles"
#

INSERT INTO `user_roles` VALUES (1,'admin'),(1,'network'),(1,'report'),(1,'support'),(2,'admin'),(2,'network'),(2,'report'),(2,'support'),(2,'warehouse_read'),(2,'warehouse_write'),(3,'admin'),(3,'network'),(3,'report'),(3,'support'),(3,'warehouse_read'),(3,'warehouse_write');

#
# Structure for table "user_quick_links"
#

CREATE TABLE `user_quick_links` (
  `id` int unsigned NOT NULL AUTO_INCREMENT,
  `user_id` int unsigned NOT NULL,
  `title` varchar(120) NOT NULL,
  `url` varchar(500) NOT NULL,
  `icon_class` varchar(80) DEFAULT NULL,
  `sort_order` int NOT NULL DEFAULT '100',
  `created_at` datetime NOT NULL DEFAULT CURRENT_TIMESTAMP,
  `updated_at` datetime DEFAULT NULL ON UPDATE CURRENT_TIMESTAMP,
  PRIMARY KEY (`id`),
  KEY `idx_uql_user_sort` (`user_id`,`sort_order`,`id`),
  CONSTRAINT `fk_uql_user` FOREIGN KEY (`user_id`) REFERENCES `users` (`id`) ON DELETE CASCADE
) ENGINE=InnoDB DEFAULT CHARSET=utf8mb4 COLLATE=utf8mb4_0900_ai_ci;

#
# Data for table "user_quick_links"
#


#
# Structure for table "sessions"
#

CREATE TABLE `sessions` (
  `id` char(36) NOT NULL,
  `user_id` int unsigned NOT NULL,
  `issued_at` datetime NOT NULL DEFAULT CURRENT_TIMESTAMP,
  `last_seen_at` datetime NOT NULL DEFAULT CURRENT_TIMESTAMP,
  PRIMARY KEY (`id`),
  KEY `idx_sessions_user` (`user_id`),
  CONSTRAINT `fk_sessions_user` FOREIGN KEY (`user_id`) REFERENCES `users` (`id`) ON DELETE CASCADE
) ENGINE=InnoDB DEFAULT CHARSET=utf8mb4 COLLATE=utf8mb4_0900_ai_ci;

#
# Data for table "sessions"
#


#
# Structure for table "work_orders"
#

CREATE TABLE `work_orders` (
  `id` bigint unsigned NOT NULL AUTO_INCREMENT,
  `project_id` bigint unsigned NOT NULL,
  `title` varchar(255) NOT NULL,
  `status` varchar(32) NOT NULL DEFAULT 'open',
  `created_at` datetime NOT NULL DEFAULT CURRENT_TIMESTAMP,
  PRIMARY KEY (`id`),
  KEY `idx_project` (`project_id`),
  CONSTRAINT `fk_wo_project` FOREIGN KEY (`project_id`) REFERENCES `projects` (`id`) ON DELETE RESTRICT
) ENGINE=InnoDB DEFAULT CHARSET=utf8mb4 COLLATE=utf8mb4_0900_ai_ci;

#
# Data for table "work_orders"
#


#
# Structure for table "billing_invoice_lines"
#

CREATE TABLE `billing_invoice_lines` (
  `id` bigint unsigned NOT NULL AUTO_INCREMENT,
  `invoice_id` bigint unsigned NOT NULL,
  `line_no` int NOT NULL DEFAULT '1',
  `line_type` enum('PRODUCT','SERVICE','MANUAL') NOT NULL DEFAULT 'PRODUCT',
  `product_id` int unsigned DEFAULT NULL,
  `batch_id` bigint unsigned DEFAULT NULL,
  `work_order_id` bigint unsigned DEFAULT NULL,
  `project_id` bigint unsigned DEFAULT NULL,
  `description` varchar(255) NOT NULL,
  `unit` varchar(32) NOT NULL DEFAULT 'stk',
  `qty` decimal(12,3) NOT NULL DEFAULT '1.000',
  `cost_unit` decimal(12,4) NOT NULL DEFAULT '0.0000',
  `cost_total` decimal(12,2) NOT NULL DEFAULT '0.00',
  `markup_pct` decimal(8,2) DEFAULT NULL,
  `sell_unit` decimal(12,4) NOT NULL DEFAULT '0.0000',
  `sell_total` decimal(12,2) NOT NULL DEFAULT '0.00',
  `vat_rate` decimal(5,2) NOT NULL DEFAULT '0.00',
  `vat_amount` decimal(12,2) NOT NULL DEFAULT '0.00',
  `created_at` datetime NOT NULL DEFAULT CURRENT_TIMESTAMP,
  PRIMARY KEY (`id`),
  KEY `idx_invoice` (`invoice_id`),
  KEY `idx_product` (`product_id`),
  KEY `idx_project` (`project_id`),
  KEY `idx_workorder` (`work_order_id`),
  KEY `fk_line_batch` (`batch_id`),
  CONSTRAINT `fk_line_batch` FOREIGN KEY (`batch_id`) REFERENCES `inv_batches` (`id`) ON DELETE SET NULL,
  CONSTRAINT `fk_line_invoice` FOREIGN KEY (`invoice_id`) REFERENCES `billing_invoice_drafts` (`id`) ON DELETE CASCADE,
  CONSTRAINT `fk_line_product` FOREIGN KEY (`product_id`) REFERENCES `inv_products` (`id`) ON DELETE SET NULL,
  CONSTRAINT `fk_line_project` FOREIGN KEY (`project_id`) REFERENCES `projects` (`id`) ON DELETE SET NULL,
  CONSTRAINT `fk_line_workorder` FOREIGN KEY (`work_order_id`) REFERENCES `work_orders` (`id`) ON DELETE SET NULL
) ENGINE=InnoDB AUTO_INCREMENT=2 DEFAULT CHARSET=utf8mb4 COLLATE=utf8mb4_0900_ai_ci;

#
# Data for table "billing_invoice_lines"
#

INSERT INTO `billing_invoice_lines` VALUES (1,1,1,'PRODUCT',6,NULL,NULL,NULL,'Catalyst 4506-E m. SUP-8','stk',1.000,1000.0000,1000.00,0.00,1000.0000,1000.00,0.00,0.00,'2025-12-21 20:24:04');

#
# Structure for table "inv_movements"
#

CREATE TABLE `inv_movements` (
  `id` bigint unsigned NOT NULL AUTO_INCREMENT,
  `occurred_at` datetime NOT NULL DEFAULT CURRENT_TIMESTAMP,
  `type` enum('IN','OUT','ADJUST') NOT NULL,
  `product_id` int unsigned NOT NULL,
  `batch_id` bigint unsigned DEFAULT NULL,
  `physical_location_id` int unsigned DEFAULT NULL,
  `qty` decimal(12,3) NOT NULL DEFAULT '0.000',
  `unit_price` decimal(12,4) NOT NULL DEFAULT '0.0000',
  `reference_type` varchar(32) DEFAULT NULL,
  `reference_no` varchar(64) DEFAULT NULL,
  `work_order_id` bigint unsigned DEFAULT NULL,
  `project_id` bigint unsigned DEFAULT NULL,
  `cost_project_id` int unsigned DEFAULT NULL,
  `invoice_id` bigint unsigned DEFAULT NULL,
  `invoice_line_id` bigint unsigned DEFAULT NULL,
  `issued_to` varchar(128) DEFAULT NULL,
  `note` varchar(255) DEFAULT NULL,
  `created_by` varchar(64) DEFAULT NULL,
  `created_at` datetime NOT NULL DEFAULT CURRENT_TIMESTAMP,
  PRIMARY KEY (`id`),
  KEY `idx_product_time` (`product_id`,`occurred_at`),
  KEY `idx_batch` (`batch_id`),
  KEY `idx_ref` (`reference_type`,`reference_no`),
  KEY `idx_workorder_time` (`work_order_id`,`occurred_at`),
  KEY `idx_project_time` (`project_id`,`occurred_at`),
  KEY `idx_type_time` (`type`,`occurred_at`),
  KEY `idx_invoice_time` (`invoice_id`,`occurred_at`),
  KEY `fk_invmove_invoice_line` (`invoice_line_id`),
  KEY `idx_phys_time` (`physical_location_id`,`occurred_at`),
  KEY `idx_inv_movements_cost_project` (`cost_project_id`),
  CONSTRAINT `fk_inv_movements_cost_project` FOREIGN KEY (`cost_project_id`) REFERENCES `cost_projects` (`id`) ON DELETE SET NULL,
  CONSTRAINT `fk_invmove_batch` FOREIGN KEY (`batch_id`) REFERENCES `inv_batches` (`id`) ON DELETE SET NULL,
  CONSTRAINT `fk_invmove_invoice` FOREIGN KEY (`invoice_id`) REFERENCES `billing_invoice_drafts` (`id`) ON DELETE SET NULL,
  CONSTRAINT `fk_invmove_invoice_line` FOREIGN KEY (`invoice_line_id`) REFERENCES `billing_invoice_lines` (`id`) ON DELETE SET NULL,
  CONSTRAINT `fk_invmove_phys` FOREIGN KEY (`physical_location_id`) REFERENCES `inv_locations` (`id`) ON DELETE SET NULL,
  CONSTRAINT `fk_invmove_product` FOREIGN KEY (`product_id`) REFERENCES `inv_products` (`id`) ON DELETE CASCADE,
  CONSTRAINT `fk_invmove_project` FOREIGN KEY (`project_id`) REFERENCES `projects` (`id`) ON DELETE SET NULL,
  CONSTRAINT `fk_invmove_workorder` FOREIGN KEY (`work_order_id`) REFERENCES `work_orders` (`id`) ON DELETE SET NULL
) ENGINE=InnoDB AUTO_INCREMENT=9 DEFAULT CHARSET=utf8mb4 COLLATE=utf8mb4_0900_ai_ci;

#
# Data for table "inv_movements"
#

INSERT INTO `inv_movements` VALUES (1,'2025-12-19 16:45:00','IN',1,1,1,7.000,1615.0000,'leveranse',NULL,NULL,1,NULL,NULL,NULL,NULL,NULL,'oan','2025-12-19 16:46:02'),(2,'2025-12-22 21:30:00','IN',2,2,1,48.000,120.0000,'varelevering',NULL,NULL,1,NULL,NULL,NULL,NULL,NULL,'rsv','2025-12-22 21:30:43'),(3,'2025-10-30 21:30:00','IN',4,3,1,33.000,2334.0000,'varelevering',NULL,NULL,1,NULL,NULL,NULL,NULL,NULL,'rsv','2025-12-22 21:31:05'),(4,'2025-12-04 21:31:00','IN',7,4,1,23.000,34344.0000,'varelevering',NULL,NULL,1,NULL,NULL,NULL,NULL,NULL,'rsv','2025-12-22 21:31:26'),(5,'2025-12-23 00:19:28','OUT',2,NULL,1,1.000,0.0000,NULL,NULL,NULL,1,NULL,NULL,NULL,NULL,'Uttak (butikk) → HK Fiber Teknisk Lager (Agresso)','rsv','2025-12-22 22:19:28'),(6,'2025-12-23 00:19:28','OUT',1,NULL,1,1.000,0.0000,NULL,NULL,NULL,1,NULL,NULL,NULL,NULL,'Uttak (butikk) → HK Fiber Teknisk Lager (Agresso)','rsv','2025-12-22 22:19:28'),(7,'2025-12-23 10:44:15','OUT',2,NULL,1,1.000,0.0000,NULL,NULL,NULL,1,NULL,NULL,NULL,NULL,'Flytt (butikk) → lokasjon #2','oan','2025-12-23 08:44:15'),(8,'2025-12-23 10:44:15','IN',2,NULL,2,1.000,0.0000,NULL,NULL,NULL,1,NULL,NULL,NULL,NULL,'Flytt (butikk) ← lokasjon #1','oan','2025-12-23 08:44:15');

#
# Trigger "trg_invmove_set_project_before_insert"
#

teknisk

#
# Trigger "trg_invmove_set_project_before_update"
#

teknisk
